<?xml version="1.0" encoding="UTF-8" standalone="yes"?><EscalationListList><Id>ac0551b0-2210-430a-bb4e-3b7262a26472</Id><EscalationList id="846feaa0a653407e96f2567a23d42c14" action="noChange" core_data_overridden="false"><Name><Value locale="en">Delay in Provisioning</Value><Value locale="pt_BR">Delay in Provisioning</Value><Value locale="es">Delay in Provisioning</Value></Name><EscalationListVersions><EscalationListVersion effective="2020-11-01T09:04:01" expiration="2020-11-12T08:38:32" versionId="1" action="noChange"><ID value="202d1b8c-c9e4-4022-88d7-db42fb310437"/><Description/><EscalationLevel><EscalationLevel><OffsetType value="After Forecast Date" index="1"><Name><Value locale="en">After Forecast Date</Value></Name></OffsetType><Offset unit="0" unit_value="1"><Name><Value locale="en">Minute</Value></Name></Offset><Behavior/></EscalationLevel><EscalationLevel><OffsetType value="After Forecast Date" index="1"><Name><Value locale="en">After Forecast Date</Value></Name></OffsetType><Offset unit="0" unit_value="2"><Name><Value locale="en">Minute</Value></Name></Offset><Behavior/></EscalationLevel><EscalationLevel><OffsetType value="After Forecast Date" index="1"><Name><Value locale="en">After Forecast Date</Value></Name></OffsetType><Offset unit="3" unit_value="8"><Name><Value locale="en">Day</Value></Name></Offset><Behavior/></EscalationLevel></EscalationLevel><AdditionalProperties/></EscalationListVersion><EscalationListVersion effective="2020-11-24T09:03:20" expiration="2020-11-24T09:40:43" versionId="10" action="noChange"><ID value="202d1b8c-c9e4-4022-88d7-db42fb310437"/><Description/><EscalationLevel><EscalationLevel><OffsetType value="After Forecast Date" index="1"><Name><Value locale="en">After Forecast Date</Value></Name></OffsetType><Offset unit="0" unit_value="0.25"><Name><Value locale="en">Minute</Value></Name></Offset><Behavior/></EscalationLevel><EscalationLevel><OffsetType value="After Forecast Date" index="1"><Name><Value locale="en">After Forecast Date</Value></Name></OffsetType><Offset unit="3" unit_value="8"><Name><Value locale="en">Day</Value></Name></Offset><Behavior/></EscalationLevel></EscalationLevel><AdditionalProperties/></EscalationListVersion><EscalationListVersion effective="2020-11-24T09:40:44" expiration="2020-11-24T09:45:30" versionId="11" action="noChange"><ID value="202d1b8c-c9e4-4022-88d7-db42fb310437"/><Description/><EscalationLevel><EscalationLevel><OffsetType value="After Forecast Date" index="1"><Name><Value locale="en">After Forecast Date</Value></Name></OffsetType><Offset unit="0" unit_value="0.25"><Name><Value locale="en">Minute</Value></Name></Offset><Behavior/></EscalationLevel><EscalationLevel><OffsetType value="After Forecast Date" index="1"><Name><Value locale="en">After Forecast Date</Value></Name></OffsetType><Offset unit="3" unit_value="8"><Name><Value locale="en">Day</Value></Name></Offset><Behavior/></EscalationLevel><EscalationLevel><OffsetType value="After Forecast Date" index="1"><Name><Value locale="en">After Forecast Date</Value></Name></OffsetType><Offset unit="0" unit_value="0.5"><Name><Value locale="en">Minute</Value></Name></Offset><Behavior/></EscalationLevel></EscalationLevel><AdditionalProperties/></EscalationListVersion><EscalationListVersion effective="2020-11-24T09:45:31" expiration="2020-11-24T09:50:25" versionId="12" action="noChange"><ID value="202d1b8c-c9e4-4022-88d7-db42fb310437"/><Description/><EscalationLevel><EscalationLevel><OffsetType value="After Forecast Date" index="1"><Name><Value locale="en">After Forecast Date</Value></Name></OffsetType><Offset unit="3" unit_value="8"><Name><Value locale="en">Day</Value></Name></Offset><Behavior/></EscalationLevel><EscalationLevel><OffsetType value="After Forecast Date" index="1"><Name><Value locale="en">After Forecast Date</Value></Name></OffsetType><Offset unit="0" unit_value="0.5"><Name><Value locale="en">Minute</Value></Name></Offset><Behavior/></EscalationLevel></EscalationLevel><AdditionalProperties/></EscalationListVersion><EscalationListVersion effective="2020-11-24T09:50:26" expiration="2020-11-24T09:54:08" versionId="13" action="noChange"><ID value="202d1b8c-c9e4-4022-88d7-db42fb310437"/><Description/><EscalationLevel><EscalationLevel><OffsetType value="After Forecast Date" index="1"><Name><Value locale="en">After Forecast Date</Value></Name></OffsetType><Offset unit="0" unit_value="0.5"><Name><Value locale="en">Minute</Value></Name></Offset><Behavior/></EscalationLevel><EscalationLevel><OffsetType value="After Forecast Date" index="1"><Name><Value locale="en">After Forecast Date</Value></Name></OffsetType><Offset unit="3" unit_value="8"><Name><Value locale="en">Day</Value></Name></Offset><Behavior/></EscalationLevel></EscalationLevel><AdditionalProperties/></EscalationListVersion><EscalationListVersion effective="2020-11-24T09:54:09" expiration="2020-11-24T09:57:46" versionId="14" action="noChange"><ID value="202d1b8c-c9e4-4022-88d7-db42fb310437"/><Description/><EscalationLevel><EscalationLevel><OffsetType value="After Forecast Date" index="1"><Name><Value locale="en">After Forecast Date</Value></Name></OffsetType><Offset unit="0" unit_value="0.9"><Name><Value locale="en">Minute</Value></Name></Offset><Behavior/></EscalationLevel><EscalationLevel><OffsetType value="After Forecast Date" index="1"><Name><Value locale="en">After Forecast Date</Value></Name></OffsetType><Offset unit="3" unit_value="8"><Name><Value locale="en">Day</Value></Name></Offset><Behavior/></EscalationLevel></EscalationLevel><AdditionalProperties/></EscalationListVersion><EscalationListVersion effective="2020-11-24T09:57:47" expiration="2020-11-24T11:12:03" versionId="15" action="noChange"><ID value="202d1b8c-c9e4-4022-88d7-db42fb310437"/><Description/><EscalationLevel><EscalationLevel><OffsetType value="After Forecast Date" index="1"><Name><Value locale="en">After Forecast Date</Value></Name></OffsetType><Offset unit="0" unit_value="1"><Name><Value locale="en">Minute</Value></Name></Offset><Behavior/></EscalationLevel><EscalationLevel><OffsetType value="After Forecast Date" index="1"><Name><Value locale="en">After Forecast Date</Value></Name></OffsetType><Offset unit="3" unit_value="8"><Name><Value locale="en">Day</Value></Name></Offset><Behavior/></EscalationLevel></EscalationLevel><AdditionalProperties/></EscalationListVersion><EscalationListVersion effective="2020-11-24T11:12:04" expiration="2020-11-25T19:44:26" versionId="16" action="noChange"><ID value="202d1b8c-c9e4-4022-88d7-db42fb310437"/><Description/><EscalationLevel><EscalationLevel><OffsetType value="After Forecast Date" index="1"><Name><Value locale="en">After Forecast Date</Value></Name></OffsetType><Offset unit="0" unit_value="2"><Name><Value locale="en">Minute</Value></Name></Offset><Behavior/></EscalationLevel><EscalationLevel><OffsetType value="After Forecast Date" index="1"><Name><Value locale="en">After Forecast Date</Value></Name></OffsetType><Offset unit="3" unit_value="8"><Name><Value locale="en">Day</Value></Name></Offset><Behavior/></EscalationLevel></EscalationLevel><AdditionalProperties/></EscalationListVersion><EscalationListVersion effective="2020-11-25T19:44:27" expiration="2020-11-26T10:08:07" versionId="17" action="noChange"><ID value="202d1b8c-c9e4-4022-88d7-db42fb310437"/><Description/><EscalationLevel><EscalationLevel><OffsetType value="After Forecast Date" index="1"><Name><Value locale="en">After Forecast Date</Value></Name></OffsetType><Offset unit="0" unit_value="1"><Name><Value locale="en">Minute</Value></Name></Offset><Behavior/></EscalationLevel><EscalationLevel><OffsetType value="After Forecast Date" index="1"><Name><Value locale="en">After Forecast Date</Value></Name></OffsetType><Offset unit="0" unit_value="2"><Name><Value locale="en">Minute</Value></Name></Offset><Behavior/></EscalationLevel><EscalationLevel><OffsetType value="After Forecast Date" index="1"><Name><Value locale="en">After Forecast Date</Value></Name></OffsetType><Offset unit="0" unit_value="3"><Name><Value locale="en">Minute</Value></Name></Offset><Behavior/></EscalationLevel></EscalationLevel><AdditionalProperties/></EscalationListVersion><EscalationListVersion effective="2020-11-26T10:08:08" expiration="2020-11-26T10:08:44" versionId="18" action="noChange"><ID value="202d1b8c-c9e4-4022-88d7-db42fb310437"/><Description/><EscalationLevel><EscalationLevel><OffsetType value="After Forecast Date" index="1"><Name><Value locale="en">After Forecast Date</Value></Name></OffsetType><Offset unit="0" unit_value="1"><Name><Value locale="en">Minute</Value></Name></Offset><Behavior/></EscalationLevel><EscalationLevel><OffsetType value="After Forecast Date" index="1"><Name><Value locale="en">After Forecast Date</Value></Name></OffsetType><Offset unit="0" unit_value="2"><Name><Value locale="en">Minute</Value></Name></Offset><Behavior/></EscalationLevel><EscalationLevel><OffsetType value="After Forecast Date" index="1"><Name><Value locale="en">After Forecast Date</Value></Name></OffsetType><Offset unit="3" unit_value="8"><Name><Value locale="en">Day</Value></Name></Offset><Behavior/></EscalationLevel></EscalationLevel><AdditionalProperties/></EscalationListVersion><EscalationListVersion effective="2020-11-26T10:08:45" expiration="2020-11-26T12:53:34" versionId="19" action="noChange"><ID value="202d1b8c-c9e4-4022-88d7-db42fb310437"/><Description/><EscalationLevel><EscalationLevel><OffsetType value="After Forecast Date" index="1"><Name><Value locale="en">After Forecast Date</Value></Name></OffsetType><Offset unit="0" unit_value="1"><Name><Value locale="en">Minute</Value></Name></Offset><Behavior/></EscalationLevel><EscalationLevel><OffsetType value="After Forecast Date" index="1"><Name><Value locale="en">After Forecast Date</Value></Name></OffsetType><Offset unit="0" unit_value="2"><Name><Value locale="en">Minute</Value></Name></Offset><Behavior/></EscalationLevel><EscalationLevel><OffsetType value="After Forecast Date" index="1"><Name><Value locale="en">After Forecast Date</Value></Name></OffsetType><Offset unit="3" unit_value="1"><Name><Value locale="en">Day</Value></Name></Offset><Behavior/></EscalationLevel></EscalationLevel><AdditionalProperties/></EscalationListVersion><EscalationListVersion effective="2020-11-12T08:38:33" expiration="2020-11-19T11:31:12" versionId="2" action="noChange"><ID value="202d1b8c-c9e4-4022-88d7-db42fb310437"/><Description/><EscalationLevel><EscalationLevel><OffsetType value="After Forecast Date" index="1"><Name><Value locale="en">After Forecast Date</Value></Name></OffsetType><Offset unit="0" unit_value="0.25"><Name><Value locale="en">Minute</Value></Name></Offset><Behavior/></EscalationLevel><EscalationLevel><OffsetType value="After Forecast Date" index="1"><Name><Value locale="en">After Forecast Date</Value></Name></OffsetType><Offset unit="0" unit_value="0.5"><Name><Value locale="en">Minute</Value></Name></Offset><Behavior/></EscalationLevel><EscalationLevel><OffsetType value="After Forecast Date" index="1"><Name><Value locale="en">After Forecast Date</Value></Name></OffsetType><Offset unit="3" unit_value="8"><Name><Value locale="en">Day</Value></Name></Offset><Behavior/></EscalationLevel></EscalationLevel><AdditionalProperties/></EscalationListVersion><EscalationListVersion effective="2020-11-26T12:53:35" expiration="2020-11-26T13:06:44" versionId="20" action="noChange"><ID value="202d1b8c-c9e4-4022-88d7-db42fb310437"/><Description/><EscalationLevel><EscalationLevel><OffsetType value="After Forecast Date" index="1"><Name><Value locale="en">After Forecast Date</Value></Name></OffsetType><Offset unit="0" unit_value="0.5"><Name><Value locale="en">Minute</Value></Name></Offset><Behavior/></EscalationLevel><EscalationLevel><OffsetType value="After Forecast Date" index="1"><Name><Value locale="en">After Forecast Date</Value></Name></OffsetType><Offset unit="0" unit_value="0.9"><Name><Value locale="en">Minute</Value></Name></Offset><Behavior/></EscalationLevel><EscalationLevel><OffsetType value="After Forecast Date" index="1"><Name><Value locale="en">After Forecast Date</Value></Name></OffsetType><Offset unit="0" unit_value="1"><Name><Value locale="en">Minute</Value></Name></Offset><Behavior/></EscalationLevel></EscalationLevel><AdditionalProperties/></EscalationListVersion><EscalationListVersion effective="2020-11-26T13:06:45" expiration="2020-11-29T06:57:56" versionId="21" action="noChange"><ID value="202d1b8c-c9e4-4022-88d7-db42fb310437"/><Description/><EscalationLevel><EscalationLevel><OffsetType value="After Forecast Date" index="1"><Name><Value locale="en">After Forecast Date</Value></Name></OffsetType><Offset unit="0" unit_value="0.5"><Name><Value locale="en">Minute</Value></Name></Offset><Behavior/></EscalationLevel><EscalationLevel><OffsetType value="After Forecast Date" index="1"><Name><Value locale="en">After Forecast Date</Value></Name></OffsetType><Offset unit="0" unit_value="0.9"><Name><Value locale="en">Minute</Value></Name></Offset><Behavior/></EscalationLevel><EscalationLevel><OffsetType value="After Forecast Date" index="1"><Name><Value locale="en">After Forecast Date</Value></Name></OffsetType><Offset unit="0" unit_value="2"><Name><Value locale="en">Minute</Value></Name></Offset><Behavior/></EscalationLevel></EscalationLevel><AdditionalProperties/></EscalationListVersion><EscalationListVersion effective="2020-11-29T06:57:57" expiration="2020-12-03T10:55:09" versionId="22" action="noChange"><ID value="202d1b8c-c9e4-4022-88d7-db42fb310437"/><Description/><EscalationLevel><EscalationLevel><OffsetType value="After Forecast Date" index="1"><Name><Value locale="en">After Forecast Date</Value></Name></OffsetType><Offset unit="0" unit_value="1"><Name><Value locale="en">Minute</Value></Name></Offset><Behavior/></EscalationLevel><EscalationLevel><OffsetType value="After Forecast Date" index="1"><Name><Value locale="en">After Forecast Date</Value></Name></OffsetType><Offset unit="0" unit_value="2"><Name><Value locale="en">Minute</Value></Name></Offset><Behavior/></EscalationLevel><EscalationLevel><OffsetType value="After Forecast Date" index="1"><Name><Value locale="en">After Forecast Date</Value></Name></OffsetType><Offset unit="0" unit_value="5"><Name><Value locale="en">Minute</Value></Name></Offset><Behavior/></EscalationLevel></EscalationLevel><AdditionalProperties/></EscalationListVersion><EscalationListVersion effective="2020-12-03T10:55:10" expiration="2020-12-16T07:14:52" versionId="23" action="noChange"><ID value="202d1b8c-c9e4-4022-88d7-db42fb310437"/><Description/><EscalationLevel><EscalationLevel><OffsetType value="After Forecast Date" index="1"><Name><Value locale="en">After Forecast Date</Value></Name></OffsetType><Offset unit="0" unit_value="1"><Name><Value locale="en">Minute</Value></Name></Offset><Behavior/></EscalationLevel><EscalationLevel><OffsetType value="After Forecast Date" index="1"><Name><Value locale="en">After Forecast Date</Value></Name></OffsetType><Offset unit="0" unit_value="2"><Name><Value locale="en">Minute</Value></Name></Offset><Behavior/></EscalationLevel><EscalationLevel><OffsetType value="After Forecast Date" index="1"><Name><Value locale="en">After Forecast Date</Value></Name></OffsetType><Offset unit="3" unit_value="8"><Name><Value locale="en">Day</Value></Name></Offset><Behavior/></EscalationLevel></EscalationLevel><AdditionalProperties/></EscalationListVersion><EscalationListVersion effective="2020-12-16T07:14:53" expiration="2020-12-17T07:00:05" versionId="24" action="noChange"><ID value="202d1b8c-c9e4-4022-88d7-db42fb310437"/><Description/><EscalationLevel><EscalationLevel><OffsetType value="After Forecast Date" index="1"><Name><Value locale="en">After Forecast Date</Value></Name></OffsetType><Offset unit="0" unit_value="1"><Name><Value locale="en">Minute</Value></Name></Offset><Behavior value="Delay_in_Provisioning_1"/></EscalationLevel><EscalationLevel><OffsetType value="After Forecast Date" index="1"><Name><Value locale="en">After Forecast Date</Value></Name></OffsetType><Offset unit="0" unit_value="2"><Name><Value locale="en">Minute</Value></Name></Offset><Behavior value="Delay_in_Provisioning_2"/></EscalationLevel><EscalationLevel><OffsetType value="After Forecast Date" index="1"><Name><Value locale="en">After Forecast Date</Value></Name></OffsetType><Offset unit="3" unit_value="8"><Name><Value locale="en">Day</Value></Name></Offset><Behavior/></EscalationLevel></EscalationLevel><AdditionalProperties/></EscalationListVersion><EscalationListVersion effective="2020-12-17T07:00:06" expiration="2020-12-21T09:48:25" versionId="25" action="noChange"><ID value="202d1b8c-c9e4-4022-88d7-db42fb310437"/><Description/><EscalationLevel><EscalationLevel><OffsetType value="After Forecast Date" index="1"><Name><Value locale="en">After Forecast Date</Value></Name></OffsetType><Offset unit="0" unit_value="1"><Name><Value locale="en">Minute</Value></Name></Offset><Behavior/></EscalationLevel><EscalationLevel><OffsetType value="After Forecast Date" index="1"><Name><Value locale="en">After Forecast Date</Value></Name></OffsetType><Offset unit="0" unit_value="2"><Name><Value locale="en">Minute</Value></Name></Offset><Behavior/></EscalationLevel><EscalationLevel><OffsetType value="After Forecast Date" index="1"><Name><Value locale="en">After Forecast Date</Value></Name></OffsetType><Offset unit="3" unit_value="8"><Name><Value locale="en">Day</Value></Name></Offset><Behavior/></EscalationLevel></EscalationLevel><AdditionalProperties/></EscalationListVersion><EscalationListVersion effective="2020-12-21T09:48:26" expiration="2020-12-23T06:00:45" versionId="26" action="noChange"><ID value="202d1b8c-c9e4-4022-88d7-db42fb310437"/><Description/><EscalationLevel><EscalationLevel><OffsetType value="After Forecast Date" index="1"><Name><Value locale="en">After Forecast Date</Value></Name></OffsetType><Offset unit="0" unit_value="1"><Name><Value locale="en">Minute</Value></Name></Offset><Behavior/></EscalationLevel><EscalationLevel><OffsetType value="After Forecast Date" index="1"><Name><Value locale="en">After Forecast Date</Value></Name></OffsetType><Offset unit="0" unit_value="2"><Name><Value locale="en">Minute</Value></Name></Offset><Behavior/></EscalationLevel><EscalationLevel><OffsetType value="After Forecast Date" index="1"><Name><Value locale="en">After Forecast Date</Value></Name></OffsetType><Offset unit="3" unit_value="8"><Name><Value locale="en">Day</Value></Name></Offset><Behavior value="Delay_in_Provisioning_3"/></EscalationLevel></EscalationLevel><AdditionalProperties/></EscalationListVersion><EscalationListVersion effective="2020-12-23T06:00:46" expiration="2020-12-23T09:23:39" versionId="27" action="noChange"><ID value="202d1b8c-c9e4-4022-88d7-db42fb310437"/><Description/><EscalationLevel><EscalationLevel><OffsetType value="After Forecast Date" index="1"><Name><Value locale="en">After Forecast Date</Value></Name></OffsetType><Offset unit="0" unit_value="1"><Name><Value locale="en">Minute</Value></Name></Offset><Behavior/></EscalationLevel><EscalationLevel><OffsetType value="After Forecast Date" index="1"><Name><Value locale="en">After Forecast Date</Value></Name></OffsetType><Offset unit="0" unit_value="2"><Name><Value locale="en">Minute</Value></Name></Offset><Behavior value="Delay_in_Provisioning_2"/></EscalationLevel><EscalationLevel><OffsetType value="After Forecast Date" index="1"><Name><Value locale="en">After Forecast Date</Value></Name></OffsetType><Offset unit="3" unit_value="8"><Name><Value locale="en">Day</Value></Name></Offset><Behavior/></EscalationLevel></EscalationLevel><AdditionalProperties/></EscalationListVersion><EscalationListVersion effective="2020-12-23T09:23:40" expiration="2020-12-23T13:55:16" versionId="28" action="noChange"><ID value="202d1b8c-c9e4-4022-88d7-db42fb310437"/><Description/><EscalationLevel><EscalationLevel><OffsetType value="After Forecast Date" index="1"><Name><Value locale="en">After Forecast Date</Value></Name></OffsetType><Offset unit="0" unit_value="1"><Name><Value locale="en">Minute</Value></Name></Offset><Behavior/></EscalationLevel><EscalationLevel><OffsetType value="After Forecast Date" index="1"><Name><Value locale="en">After Forecast Date</Value></Name></OffsetType><Offset unit="0" unit_value="2"><Name><Value locale="en">Minute</Value></Name></Offset><Behavior/></EscalationLevel><EscalationLevel><OffsetType value="After Forecast Date" index="1"><Name><Value locale="en">After Forecast Date</Value></Name></OffsetType><Offset unit="3" unit_value="8"><Name><Value locale="en">Day</Value></Name></Offset><Behavior value="Delay_in_Provisioning_3"/></EscalationLevel></EscalationLevel><AdditionalProperties/></EscalationListVersion><EscalationListVersion effective="2020-12-23T13:55:17" expiration="2020-12-23T14:00:46" versionId="29" action="noChange"><ID value="202d1b8c-c9e4-4022-88d7-db42fb310437"/><Description/><EscalationLevel><EscalationLevel><OffsetType value="After Forecast Date" index="1"><Name><Value locale="en">After Forecast Date</Value></Name></OffsetType><Offset unit="0" unit_value="1"><Name><Value locale="en">Minute</Value></Name></Offset><Behavior/></EscalationLevel><EscalationLevel><OffsetType value="After Forecast Date" index="1"><Name><Value locale="en">After Forecast Date</Value></Name></OffsetType><Offset unit="0" unit_value="2"><Name><Value locale="en">Minute</Value></Name></Offset><Behavior value="Delay_in_Provisioning_2"/></EscalationLevel><EscalationLevel><OffsetType value="After Forecast Date" index="1"><Name><Value locale="en">After Forecast Date</Value></Name></OffsetType><Offset unit="3" unit_value="8"><Name><Value locale="en">Day</Value></Name></Offset><Behavior/></EscalationLevel></EscalationLevel><AdditionalProperties/></EscalationListVersion><EscalationListVersion effective="2020-11-19T11:31:13" expiration="2020-11-19T11:38:45" versionId="3" action="noChange"><ID value="202d1b8c-c9e4-4022-88d7-db42fb310437"/><Description/><EscalationLevel><EscalationLevel><OffsetType value="After Forecast Date" index="1"><Name><Value locale="en">After Forecast Date</Value></Name></OffsetType><Offset unit="3" unit_value="8"><Name><Value locale="en">Day</Value></Name></Offset><Behavior/></EscalationLevel></EscalationLevel><AdditionalProperties/></EscalationListVersion><EscalationListVersion effective="2020-12-23T14:00:47" expiration="2020-12-28T07:27:52" versionId="30" action="noChange"><ID value="202d1b8c-c9e4-4022-88d7-db42fb310437"/><Description/><EscalationLevel><EscalationLevel><OffsetType value="After Forecast Date" index="1"><Name><Value locale="en">After Forecast Date</Value></Name></OffsetType><Offset unit="0" unit_value="1"><Name><Value locale="en">Minute</Value></Name></Offset><Behavior/></EscalationLevel><EscalationLevel><OffsetType value="After Forecast Date" index="1"><Name><Value locale="en">After Forecast Date</Value></Name></OffsetType><Offset unit="0" unit_value="2"><Name><Value locale="en">Minute</Value></Name></Offset><Behavior/></EscalationLevel><EscalationLevel><OffsetType value="After Forecast Date" index="1"><Name><Value locale="en">After Forecast Date</Value></Name></OffsetType><Offset unit="3" unit_value="8"><Name><Value locale="en">Day</Value></Name></Offset><Behavior value="Delay_in_Provisioning_3"/></EscalationLevel></EscalationLevel><AdditionalProperties/></EscalationListVersion><EscalationListVersion effective="2020-12-28T07:27:53" expiration="2020-12-28T07:39:18" versionId="31" action="noChange"><ID value="202d1b8c-c9e4-4022-88d7-db42fb310437"/><Description/><EscalationLevel><EscalationLevel><OffsetType value="After Forecast Date" index="1"><Name><Value locale="en">After Forecast Date</Value></Name></OffsetType><Offset unit="0" unit_value="1"><Name><Value locale="en">Minute</Value></Name></Offset><Behavior/></EscalationLevel><EscalationLevel><OffsetType value="After Forecast Date" index="1"><Name><Value locale="en">After Forecast Date</Value></Name></OffsetType><Offset unit="0" unit_value="2"><Name><Value locale="en">Minute</Value></Name></Offset><Behavior/></EscalationLevel><EscalationLevel><OffsetType value="After Forecast Date" index="1"><Name><Value locale="en">After Forecast Date</Value></Name></OffsetType><Offset unit="0" unit_value="3"><Name><Value locale="en">Minute</Value></Name></Offset><Behavior value="Delay_in_Provisioning_3"/></EscalationLevel></EscalationLevel><AdditionalProperties/></EscalationListVersion><EscalationListVersion effective="2020-12-28T07:39:19" expiration="2020-12-28T12:26:59" versionId="32" action="noChange"><ID value="202d1b8c-c9e4-4022-88d7-db42fb310437"/><Description/><EscalationLevel><EscalationLevel><OffsetType value="After Forecast Date" index="1"><Name><Value locale="en">After Forecast Date</Value></Name></OffsetType><Offset unit="0" unit_value="1"><Name><Value locale="en">Minute</Value></Name></Offset><Behavior/></EscalationLevel><EscalationLevel><OffsetType value="After Forecast Date" index="1"><Name><Value locale="en">After Forecast Date</Value></Name></OffsetType><Offset unit="0" unit_value="2"><Name><Value locale="en">Minute</Value></Name></Offset><Behavior/></EscalationLevel><EscalationLevel><OffsetType value="After Forecast Date" index="1"><Name><Value locale="en">After Forecast Date</Value></Name></OffsetType><Offset unit="3" unit_value="8"><Name><Value locale="en">Day</Value></Name></Offset><Behavior value="Delay_in_Provisioning_3"/></EscalationLevel></EscalationLevel><AdditionalProperties/></EscalationListVersion><EscalationListVersion effective="2020-12-28T12:27:00" expiration="2020-12-28T12:28:47" versionId="33" action="noChange"><ID value="202d1b8c-c9e4-4022-88d7-db42fb310437"/><Description/><EscalationLevel><EscalationLevel><OffsetType value="After Forecast Date" index="1"><Name><Value locale="en">After Forecast Date</Value></Name></OffsetType><Offset unit="0" unit_value="1"><Name><Value locale="en">Minute</Value></Name></Offset><Behavior/></EscalationLevel><EscalationLevel><OffsetType value="After Forecast Date" index="1"><Name><Value locale="en">After Forecast Date</Value></Name></OffsetType><Offset unit="0" unit_value="2"><Name><Value locale="en">Minute</Value></Name></Offset><Behavior/></EscalationLevel><EscalationLevel><OffsetType value="After Forecast Date" index="1"><Name><Value locale="en">After Forecast Date</Value></Name></OffsetType><Offset unit="0" unit_value="3"><Name><Value locale="en">Minute</Value></Name></Offset><Behavior value="Delay_in_Provisioning_3"/></EscalationLevel></EscalationLevel><AdditionalProperties/></EscalationListVersion><EscalationListVersion effective="2020-12-28T12:28:48" expiration="2020-12-30T06:47:46" versionId="34" action="noChange"><ID value="202d1b8c-c9e4-4022-88d7-db42fb310437"/><Description/><EscalationLevel><EscalationLevel><OffsetType value="After Forecast Date" index="1"><Name><Value locale="en">After Forecast Date</Value></Name></OffsetType><Offset unit="0" unit_value="1"><Name><Value locale="en">Minute</Value></Name></Offset><Behavior/></EscalationLevel><EscalationLevel><OffsetType value="After Forecast Date" index="1"><Name><Value locale="en">After Forecast Date</Value></Name></OffsetType><Offset unit="0" unit_value="2"><Name><Value locale="en">Minute</Value></Name></Offset><Behavior/></EscalationLevel><EscalationLevel><OffsetType value="After Forecast Date" index="1"><Name><Value locale="en">After Forecast Date</Value></Name></OffsetType><Offset unit="3" unit_value="8"><Name><Value locale="en">Day</Value></Name></Offset><Behavior value="Delay_in_Provisioning_3"/></EscalationLevel></EscalationLevel><AdditionalProperties/></EscalationListVersion><EscalationListVersion effective="2020-12-30T06:47:47" expiration="2020-12-30T06:50:05" versionId="35" action="noChange"><ID value="202d1b8c-c9e4-4022-88d7-db42fb310437"/><Description/><EscalationLevel><EscalationLevel><OffsetType value="After Forecast Date" index="1"><Name><Value locale="en">After Forecast Date</Value></Name></OffsetType><Offset unit="0" unit_value="1"><Name><Value locale="en">Minute</Value></Name></Offset><Behavior/></EscalationLevel><EscalationLevel><OffsetType value="After Forecast Date" index="1"><Name><Value locale="en">After Forecast Date</Value></Name></OffsetType><Offset unit="0" unit_value="2"><Name><Value locale="en">Minute</Value></Name></Offset><Behavior/></EscalationLevel><EscalationLevel><OffsetType value="After Forecast Date" index="1"><Name><Value locale="en">After Forecast Date</Value></Name></OffsetType><Offset unit="0" unit_value="3"><Name><Value locale="en">Minute</Value></Name></Offset><Behavior value="Delay_in_Provisioning_3"/></EscalationLevel></EscalationLevel><AdditionalProperties/></EscalationListVersion><EscalationListVersion effective="2020-12-30T06:50:06" expiration="2021-01-05T08:07:25" versionId="36" action="noChange"><ID value="202d1b8c-c9e4-4022-88d7-db42fb310437"/><Description/><EscalationLevel><EscalationLevel><OffsetType value="After Forecast Date" index="1"><Name><Value locale="en">After Forecast Date</Value></Name></OffsetType><Offset unit="0" unit_value="1"><Name><Value locale="en">Minute</Value></Name></Offset><Behavior/></EscalationLevel><EscalationLevel><OffsetType value="After Forecast Date" index="1"><Name><Value locale="en">After Forecast Date</Value></Name></OffsetType><Offset unit="0" unit_value="2"><Name><Value locale="en">Minute</Value></Name></Offset><Behavior/></EscalationLevel><EscalationLevel><OffsetType value="After Forecast Date" index="1"><Name><Value locale="en">After Forecast Date</Value></Name></OffsetType><Offset unit="3" unit_value="8"><Name><Value locale="en">Day</Value></Name></Offset><Behavior value="Delay_in_Provisioning_3"/></EscalationLevel></EscalationLevel><AdditionalProperties/></EscalationListVersion><EscalationListVersion effective="2021-01-05T08:07:26" expiration="2021-01-05T08:13:51" versionId="37" action="noChange"><ID value="202d1b8c-c9e4-4022-88d7-db42fb310437"/><Description/><EscalationLevel><EscalationLevel><OffsetType value="After Forecast Date" index="1"><Name><Value locale="en">After Forecast Date</Value></Name></OffsetType><Offset unit="0" unit_value="1"><Name><Value locale="en">Minute</Value></Name></Offset><Behavior/></EscalationLevel><EscalationLevel><OffsetType value="After Forecast Date" index="1"><Name><Value locale="en">After Forecast Date</Value></Name></OffsetType><Offset unit="0" unit_value="2"><Name><Value locale="en">Minute</Value></Name></Offset><Behavior/></EscalationLevel><EscalationLevel><OffsetType value="After Forecast Date" index="1"><Name><Value locale="en">After Forecast Date</Value></Name></OffsetType><Offset unit="0" unit_value="3"><Name><Value locale="en">Minute</Value></Name></Offset><Behavior value="Delay_in_Provisioning_3"/></EscalationLevel></EscalationLevel><AdditionalProperties/></EscalationListVersion><EscalationListVersion effective="2021-01-05T08:13:52" expiration="2021-02-01T15:32:51" versionId="38" action="noChange"><ID value="202d1b8c-c9e4-4022-88d7-db42fb310437"/><Description/><EscalationLevel><EscalationLevel><OffsetType value="After Forecast Date" index="1"><Name><Value locale="en">After Forecast Date</Value></Name></OffsetType><Offset unit="0" unit_value="1"><Name><Value locale="en">Minute</Value></Name></Offset><Behavior/></EscalationLevel><EscalationLevel><OffsetType value="After Forecast Date" index="1"><Name><Value locale="en">After Forecast Date</Value></Name></OffsetType><Offset unit="0" unit_value="2"><Name><Value locale="en">Minute</Value></Name></Offset><Behavior/></EscalationLevel><EscalationLevel><OffsetType value="After Forecast Date" index="1"><Name><Value locale="en">After Forecast Date</Value></Name></OffsetType><Offset unit="3" unit_value="8"><Name><Value locale="en">Day</Value></Name></Offset><Behavior value="Delay_in_Provisioning_3"/></EscalationLevel></EscalationLevel><AdditionalProperties/></EscalationListVersion><EscalationListVersion effective="2021-02-01T15:32:52" expiration="2021-02-01T15:43:06" versionId="39" action="noChange"><ID value="202d1b8c-c9e4-4022-88d7-db42fb310437"/><Description/><EscalationLevel><EscalationLevel><OffsetType value="After Forecast Date" index="1"><Name><Value locale="en">After Forecast Date</Value></Name></OffsetType><Offset unit="0" unit_value="1"><Name><Value locale="en">Minute</Value></Name></Offset><Behavior/></EscalationLevel><EscalationLevel><OffsetType value="After Forecast Date" index="1"><Name><Value locale="en">After Forecast Date</Value></Name></OffsetType><Offset unit="0" unit_value="2"><Name><Value locale="en">Minute</Value></Name></Offset><Behavior/></EscalationLevel><EscalationLevel><OffsetType value="After Forecast Date" index="1"><Name><Value locale="en">After Forecast Date</Value></Name></OffsetType><Offset unit="0" unit_value="3"><Name><Value locale="en">Minute</Value></Name></Offset><Behavior value="Delay_in_Provisioning_3"/></EscalationLevel></EscalationLevel><AdditionalProperties/></EscalationListVersion><EscalationListVersion effective="2020-11-19T11:38:46" expiration="2020-11-19T11:44:16" versionId="4" action="noChange"><ID value="202d1b8c-c9e4-4022-88d7-db42fb310437"/><Description/><EscalationLevel><EscalationLevel><OffsetType value="After Forecast Date" index="1"><Name><Value locale="en">After Forecast Date</Value></Name></OffsetType><Offset unit="0" unit_value="1"><Name><Value locale="en">Minute</Value></Name></Offset><Behavior/></EscalationLevel></EscalationLevel><AdditionalProperties/></EscalationListVersion><EscalationListVersion effective="2021-02-01T15:43:07" expiration="2021-02-02T12:54:06" versionId="40" action="noChange"><ID value="202d1b8c-c9e4-4022-88d7-db42fb310437"/><Description/><EscalationLevel><EscalationLevel><OffsetType value="After Forecast Date" index="1"><Name><Value locale="en">After Forecast Date</Value></Name></OffsetType><Offset unit="0" unit_value="1"><Name><Value locale="en">Minute</Value></Name></Offset><Behavior/></EscalationLevel><EscalationLevel><OffsetType value="After Forecast Date" index="1"><Name><Value locale="en">After Forecast Date</Value></Name></OffsetType><Offset unit="0" unit_value="2"><Name><Value locale="en">Minute</Value></Name></Offset><Behavior/></EscalationLevel><EscalationLevel><OffsetType value="After Forecast Date" index="1"><Name><Value locale="en">After Forecast Date</Value></Name></OffsetType><Offset unit="3" unit_value="8"><Name><Value locale="en">Day</Value></Name></Offset><Behavior value="Delay_in_Provisioning_3"/></EscalationLevel></EscalationLevel><AdditionalProperties/></EscalationListVersion><EscalationListVersion effective="2021-02-02T12:54:07" expiration="2021-02-02T13:06:45" versionId="41" action="noChange"><ID value="202d1b8c-c9e4-4022-88d7-db42fb310437"/><Description/><EscalationLevel><EscalationLevel><OffsetType value="After Forecast Date" index="1"><Name><Value locale="en">After Forecast Date</Value></Name></OffsetType><Offset unit="0" unit_value="1"><Name><Value locale="en">Minute</Value></Name></Offset><Behavior/></EscalationLevel><EscalationLevel><OffsetType value="After Forecast Date" index="1"><Name><Value locale="en">After Forecast Date</Value></Name></OffsetType><Offset unit="0" unit_value="2"><Name><Value locale="en">Minute</Value></Name></Offset><Behavior/></EscalationLevel><EscalationLevel><OffsetType value="After Forecast Date" index="1"><Name><Value locale="en">After Forecast Date</Value></Name></OffsetType><Offset unit="0" unit_value="3"><Name><Value locale="en">Minute</Value></Name></Offset><Behavior value="Delay_in_Provisioning_3"/></EscalationLevel></EscalationLevel><AdditionalProperties/></EscalationListVersion><EscalationListVersion effective="2021-02-02T13:06:46" expiration="2021-02-03T09:54:53" versionId="42" action="noChange"><ID value="202d1b8c-c9e4-4022-88d7-db42fb310437"/><Description/><EscalationLevel><EscalationLevel><OffsetType value="After Forecast Date" index="1"><Name><Value locale="en">After Forecast Date</Value></Name></OffsetType><Offset unit="0" unit_value="1"><Name><Value locale="en">Minute</Value></Name></Offset><Behavior/></EscalationLevel><EscalationLevel><OffsetType value="After Forecast Date" index="1"><Name><Value locale="en">After Forecast Date</Value></Name></OffsetType><Offset unit="0" unit_value="2"><Name><Value locale="en">Minute</Value></Name></Offset><Behavior/></EscalationLevel><EscalationLevel><OffsetType value="After Forecast Date" index="1"><Name><Value locale="en">After Forecast Date</Value></Name></OffsetType><Offset unit="3" unit_value="8"><Name><Value locale="en">Day</Value></Name></Offset><Behavior value="Delay_in_Provisioning_3"/></EscalationLevel></EscalationLevel><AdditionalProperties/></EscalationListVersion><EscalationListVersion effective="2021-02-03T09:54:54" expiration="2021-02-03T10:11:58" versionId="43" action="noChange"><ID value="202d1b8c-c9e4-4022-88d7-db42fb310437"/><Description/><EscalationLevel><EscalationLevel><OffsetType value="After Forecast Date" index="1"><Name><Value locale="en">After Forecast Date</Value></Name></OffsetType><Offset unit="0" unit_value="1"><Name><Value locale="en">Minute</Value></Name></Offset><Behavior/></EscalationLevel><EscalationLevel><OffsetType value="After Forecast Date" index="1"><Name><Value locale="en">After Forecast Date</Value></Name></OffsetType><Offset unit="0" unit_value="2"><Name><Value locale="en">Minute</Value></Name></Offset><Behavior/></EscalationLevel><EscalationLevel><OffsetType value="After Forecast Date" index="1"><Name><Value locale="en">After Forecast Date</Value></Name></OffsetType><Offset unit="0" unit_value="3"><Name><Value locale="en">Minute</Value></Name></Offset><Behavior value="Delay_in_Provisioning_3"/></EscalationLevel></EscalationLevel><AdditionalProperties/></EscalationListVersion><EscalationListVersion effective="2021-02-03T10:11:59" expiration="2021-02-16T07:53:41" versionId="44" action="noChange"><ID value="202d1b8c-c9e4-4022-88d7-db42fb310437"/><Description/><EscalationLevel><EscalationLevel><OffsetType value="After Forecast Date" index="1"><Name><Value locale="en">After Forecast Date</Value></Name></OffsetType><Offset unit="0" unit_value="1"><Name><Value locale="en">Minute</Value></Name></Offset><Behavior/></EscalationLevel><EscalationLevel><OffsetType value="After Forecast Date" index="1"><Name><Value locale="en">After Forecast Date</Value></Name></OffsetType><Offset unit="0" unit_value="2"><Name><Value locale="en">Minute</Value></Name></Offset><Behavior/></EscalationLevel><EscalationLevel><OffsetType value="After Forecast Date" index="1"><Name><Value locale="en">After Forecast Date</Value></Name></OffsetType><Offset unit="3" unit_value="8"><Name><Value locale="en">Day</Value></Name></Offset><Behavior value="Delay_in_Provisioning_3"/></EscalationLevel></EscalationLevel><AdditionalProperties/></EscalationListVersion><EscalationListVersion effective="2021-02-16T07:53:42" expiration="2021-02-16T08:15:14" versionId="45" action="noChange"><ID value="202d1b8c-c9e4-4022-88d7-db42fb310437"/><Description/><EscalationLevel><EscalationLevel><OffsetType value="After Forecast Date" index="1"><Name><Value locale="en">After Forecast Date</Value></Name></OffsetType><Offset unit="0" unit_value="1"><Name><Value locale="en">Minute</Value></Name></Offset><Behavior/></EscalationLevel><EscalationLevel><OffsetType value="After Forecast Date" index="1"><Name><Value locale="en">After Forecast Date</Value></Name></OffsetType><Offset unit="0" unit_value="2"><Name><Value locale="en">Minute</Value></Name></Offset><Behavior/></EscalationLevel><EscalationLevel><OffsetType value="After Forecast Date" index="1"><Name><Value locale="en">After Forecast Date</Value></Name></OffsetType><Offset unit="0" unit_value="3"><Name><Value locale="en">Minute</Value></Name></Offset><Behavior value="Delay_in_Provisioning_3"/></EscalationLevel></EscalationLevel><AdditionalProperties/></EscalationListVersion><EscalationListVersion effective="2021-02-16T08:15:15" expiration="NONE" versionId="46" action="noChange"><ID value="202d1b8c-c9e4-4022-88d7-db42fb310437"/><Description/><EscalationLevel><EscalationLevel><OffsetType value="After Forecast Date" index="1"><Name><Value locale="en">After Forecast Date</Value></Name></OffsetType><Offset unit="0" unit_value="1"><Name><Value locale="en">Minute</Value></Name></Offset><Behavior/></EscalationLevel><EscalationLevel><OffsetType value="After Forecast Date" index="1"><Name><Value locale="en">After Forecast Date</Value></Name></OffsetType><Offset unit="0" unit_value="2"><Name><Value locale="en">Minute</Value></Name></Offset><Behavior/></EscalationLevel><EscalationLevel><OffsetType value="After Forecast Date" index="1"><Name><Value locale="en">After Forecast Date</Value></Name></OffsetType><Offset unit="3" unit_value="8"><Name><Value locale="en">Day</Value></Name></Offset><Behavior value="Delay_in_Provisioning_3"/></EscalationLevel></EscalationLevel><AdditionalProperties/></EscalationListVersion><EscalationListVersion effective="2020-11-19T11:44:17" expiration="2020-11-19T12:48:37" versionId="5" action="noChange"><ID value="202d1b8c-c9e4-4022-88d7-db42fb310437"/><Description/><EscalationLevel><EscalationLevel><OffsetType value="After Forecast Date" index="1"><Name><Value locale="en">After Forecast Date</Value></Name></OffsetType><Offset unit="0" unit_value="1"><Name><Value locale="en">Minute</Value></Name></Offset><Behavior/></EscalationLevel><EscalationLevel><OffsetType value="After Forecast Date" index="1"><Name><Value locale="en">After Forecast Date</Value></Name></OffsetType><Offset unit="0" unit_value="2"><Name><Value locale="en">Minute</Value></Name></Offset><Behavior/></EscalationLevel><EscalationLevel><OffsetType value="After Forecast Date" index="1"><Name><Value locale="en">After Forecast Date</Value></Name></OffsetType><Offset unit="3" unit_value="8"><Name><Value locale="en">Day</Value></Name></Offset><Behavior/></EscalationLevel></EscalationLevel><AdditionalProperties/></EscalationListVersion><EscalationListVersion effective="2020-11-19T12:48:38" expiration="2020-11-19T12:53:19" versionId="6" action="noChange"><ID value="202d1b8c-c9e4-4022-88d7-db42fb310437"/><Description/><EscalationLevel><EscalationLevel><OffsetType value="After Forecast Date" index="1"><Name><Value locale="en">After Forecast Date</Value></Name></OffsetType><Offset unit="0" unit_value="1"><Name><Value locale="en">Minute</Value></Name></Offset><Behavior/></EscalationLevel><EscalationLevel><OffsetType value="After Forecast Date" index="1"><Name><Value locale="en">After Forecast Date</Value></Name></OffsetType><Offset unit="0" unit_value="100"><Name><Value locale="en">Minute</Value></Name></Offset><Behavior/></EscalationLevel><EscalationLevel><OffsetType value="After Forecast Date" index="1"><Name><Value locale="en">After Forecast Date</Value></Name></OffsetType><Offset unit="3" unit_value="8"><Name><Value locale="en">Day</Value></Name></Offset><Behavior/></EscalationLevel></EscalationLevel><AdditionalProperties/></EscalationListVersion><EscalationListVersion effective="2020-11-19T12:53:20" expiration="2020-11-19T12:54:24" versionId="7" action="noChange"><ID value="202d1b8c-c9e4-4022-88d7-db42fb310437"/><Description/><EscalationLevel><EscalationLevel><OffsetType value="After Forecast Date" index="1"><Name><Value locale="en">After Forecast Date</Value></Name></OffsetType><Offset unit="0" unit_value="1"><Name><Value locale="en">Minute</Value></Name></Offset><Behavior/></EscalationLevel><EscalationLevel><OffsetType value="After Forecast Date" index="1"><Name><Value locale="en">After Forecast Date</Value></Name></OffsetType><Offset unit="3" unit_value="8"><Name><Value locale="en">Day</Value></Name></Offset><Behavior/></EscalationLevel></EscalationLevel><AdditionalProperties/></EscalationListVersion><EscalationListVersion effective="2020-11-19T12:54:25" expiration="2020-11-19T14:34:13" versionId="8" action="noChange"><ID value="202d1b8c-c9e4-4022-88d7-db42fb310437"/><Description/><EscalationLevel><EscalationLevel><OffsetType value="After Forecast Date" index="1"><Name><Value locale="en">After Forecast Date</Value></Name></OffsetType><Offset unit="0" unit_value="1"><Name><Value locale="en">Minute</Value></Name></Offset><Behavior/></EscalationLevel><EscalationLevel><OffsetType value="After Forecast Date" index="1"><Name><Value locale="en">After Forecast Date</Value></Name></OffsetType><Offset unit="0" unit_value="100"><Name><Value locale="en">Minute</Value></Name></Offset><Behavior/></EscalationLevel><EscalationLevel><OffsetType value="After Forecast Date" index="1"><Name><Value locale="en">After Forecast Date</Value></Name></OffsetType><Offset unit="3" unit_value="8"><Name><Value locale="en">Day</Value></Name></Offset><Behavior/></EscalationLevel></EscalationLevel><AdditionalProperties/></EscalationListVersion><EscalationListVersion effective="2020-11-19T14:34:14" expiration="2020-11-24T09:03:19" versionId="9" action="noChange"><ID value="202d1b8c-c9e4-4022-88d7-db42fb310437"/><Description/><EscalationLevel><EscalationLevel><OffsetType value="After Forecast Date" index="1"><Name><Value locale="en">After Forecast Date</Value></Name></OffsetType><Offset unit="0" unit_value="1"><Name><Value locale="en">Minute</Value></Name></Offset><Behavior/></EscalationLevel><EscalationLevel><OffsetType value="After Forecast Date" index="1"><Name><Value locale="en">After Forecast Date</Value></Name></OffsetType><Offset unit="3" unit_value="8"><Name><Value locale="en">Day</Value></Name></Offset><Behavior/></EscalationLevel></EscalationLevel><AdditionalProperties/></EscalationListVersion></EscalationListVersions></EscalationList><EscalationList id="6d48a29bf8434cea84e1fc9115dd40c1" action="noChange" core_data_overridden="false"><Name><Value locale="en">Delay in Error Handling</Value><Value locale="pt_BR">Delay in Error Handling</Value><Value locale="es">Delay in Error Handling</Value></Name><EscalationListVersions><EscalationListVersion effective="2020-11-15T12:34:52" expiration="2020-11-19T14:34:35" versionId="1" action="noChange"><ID value="202d1b8c-c9e4-4022-88d7-db42fb310437"/><Description/><EscalationLevel><EscalationLevel><OffsetType value="After Forecast Date" index="1"><Name><Value locale="en">After Forecast Date</Value></Name></OffsetType><Offset unit="0" unit_value="0.25"><Name><Value locale="en">Minute</Value></Name></Offset><Behavior/></EscalationLevel><EscalationLevel><OffsetType value="After Forecast Date" index="1"><Name><Value locale="en">After Forecast Date</Value></Name></OffsetType><Offset unit="0" unit_value="0.5"><Name><Value locale="en">Minute</Value></Name></Offset><Behavior/></EscalationLevel><EscalationLevel><OffsetType value="After Forecast Date" index="1"><Name><Value locale="en">After Forecast Date</Value></Name></OffsetType><Offset unit="3" unit_value="2"><Name><Value locale="en">Day</Value></Name></Offset><Behavior/></EscalationLevel></EscalationLevel><AdditionalProperties/></EscalationListVersion><EscalationListVersion effective="2020-12-23T14:00:36" expiration="2020-12-28T07:28:24" versionId="10" action="noChange"><ID value="202d1b8c-c9e4-4022-88d7-db42fb310437"/><Description/><EscalationLevel><EscalationLevel><OffsetType value="After Forecast Date" index="1"><Name><Value locale="en">After Forecast Date</Value></Name></OffsetType><Offset unit="0" unit_value="1"><Name><Value locale="en">Minute</Value></Name></Offset><Behavior/></EscalationLevel><EscalationLevel><OffsetType value="After Forecast Date" index="1"><Name><Value locale="en">After Forecast Date</Value></Name></OffsetType><Offset unit="0" unit_value="2"><Name><Value locale="en">Minute</Value></Name></Offset><Behavior/></EscalationLevel><EscalationLevel><OffsetType value="After Forecast Date" index="1"><Name><Value locale="en">After Forecast Date</Value></Name></OffsetType><Offset unit="3" unit_value="2"><Name><Value locale="en">Day</Value></Name></Offset><Behavior value="Delay_in_Error_Handling_3"/></EscalationLevel></EscalationLevel><AdditionalProperties/></EscalationListVersion><EscalationListVersion effective="2020-12-28T07:28:25" expiration="2020-12-28T07:39:29" versionId="11" action="noChange"><ID value="202d1b8c-c9e4-4022-88d7-db42fb310437"/><Description/><EscalationLevel><EscalationLevel><OffsetType value="After Forecast Date" index="1"><Name><Value locale="en">After Forecast Date</Value></Name></OffsetType><Offset unit="0" unit_value="1"><Name><Value locale="en">Minute</Value></Name></Offset><Behavior/></EscalationLevel><EscalationLevel><OffsetType value="After Forecast Date" index="1"><Name><Value locale="en">After Forecast Date</Value></Name></OffsetType><Offset unit="0" unit_value="2"><Name><Value locale="en">Minute</Value></Name></Offset><Behavior/></EscalationLevel><EscalationLevel><OffsetType value="After Forecast Date" index="1"><Name><Value locale="en">After Forecast Date</Value></Name></OffsetType><Offset unit="0" unit_value="3"><Name><Value locale="en">Minute</Value></Name></Offset><Behavior value="Delay_in_Error_Handling_3"/></EscalationLevel></EscalationLevel><AdditionalProperties/></EscalationListVersion><EscalationListVersion effective="2020-12-28T07:39:30" expiration="2020-12-28T12:26:43" versionId="12" action="noChange"><ID value="202d1b8c-c9e4-4022-88d7-db42fb310437"/><Description/><EscalationLevel><EscalationLevel><OffsetType value="After Forecast Date" index="1"><Name><Value locale="en">After Forecast Date</Value></Name></OffsetType><Offset unit="0" unit_value="1"><Name><Value locale="en">Minute</Value></Name></Offset><Behavior/></EscalationLevel><EscalationLevel><OffsetType value="After Forecast Date" index="1"><Name><Value locale="en">After Forecast Date</Value></Name></OffsetType><Offset unit="0" unit_value="2"><Name><Value locale="en">Minute</Value></Name></Offset><Behavior/></EscalationLevel><EscalationLevel><OffsetType value="After Forecast Date" index="1"><Name><Value locale="en">After Forecast Date</Value></Name></OffsetType><Offset unit="3" unit_value="2"><Name><Value locale="en">Day</Value></Name></Offset><Behavior value="Delay_in_Error_Handling_3"/></EscalationLevel></EscalationLevel><AdditionalProperties/></EscalationListVersion><EscalationListVersion effective="2020-12-28T12:26:44" expiration="2020-12-28T12:28:29" versionId="13" action="noChange"><ID value="202d1b8c-c9e4-4022-88d7-db42fb310437"/><Description/><EscalationLevel><EscalationLevel><OffsetType value="After Forecast Date" index="1"><Name><Value locale="en">After Forecast Date</Value></Name></OffsetType><Offset unit="0" unit_value="1"><Name><Value locale="en">Minute</Value></Name></Offset><Behavior/></EscalationLevel><EscalationLevel><OffsetType value="After Forecast Date" index="1"><Name><Value locale="en">After Forecast Date</Value></Name></OffsetType><Offset unit="0" unit_value="2"><Name><Value locale="en">Minute</Value></Name></Offset><Behavior/></EscalationLevel><EscalationLevel><OffsetType value="After Forecast Date" index="1"><Name><Value locale="en">After Forecast Date</Value></Name></OffsetType><Offset unit="0" unit_value="3"><Name><Value locale="en">Minute</Value></Name></Offset><Behavior value="Delay_in_Error_Handling_3"/></EscalationLevel></EscalationLevel><AdditionalProperties/></EscalationListVersion><EscalationListVersion effective="2020-12-28T12:28:30" expiration="2020-12-29T09:13:05" versionId="14" action="noChange"><ID value="202d1b8c-c9e4-4022-88d7-db42fb310437"/><Description/><EscalationLevel><EscalationLevel><OffsetType value="After Forecast Date" index="1"><Name><Value locale="en">After Forecast Date</Value></Name></OffsetType><Offset unit="0" unit_value="1"><Name><Value locale="en">Minute</Value></Name></Offset><Behavior/></EscalationLevel><EscalationLevel><OffsetType value="After Forecast Date" index="1"><Name><Value locale="en">After Forecast Date</Value></Name></OffsetType><Offset unit="0" unit_value="2"><Name><Value locale="en">Minute</Value></Name></Offset><Behavior/></EscalationLevel><EscalationLevel><OffsetType value="After Forecast Date" index="1"><Name><Value locale="en">After Forecast Date</Value></Name></OffsetType><Offset unit="3" unit_value="2"><Name><Value locale="en">Day</Value></Name></Offset><Behavior value="Delay_in_Error_Handling_3"/></EscalationLevel></EscalationLevel><AdditionalProperties/></EscalationListVersion><EscalationListVersion effective="2020-12-29T09:13:06" expiration="2020-12-29T09:14:00" versionId="15" action="noChange"><ID value="202d1b8c-c9e4-4022-88d7-db42fb310437"/><Description/><EscalationLevel><EscalationLevel><OffsetType value="After Forecast Date" index="1"><Name><Value locale="en">After Forecast Date</Value></Name></OffsetType><Offset unit="0" unit_value="1"><Name><Value locale="en">Minute</Value></Name></Offset><Behavior value="Delay_in_Error_Handling_1"/></EscalationLevel><EscalationLevel><OffsetType value="After Forecast Date" index="1"><Name><Value locale="en">After Forecast Date</Value></Name></OffsetType><Offset unit="0" unit_value="2"><Name><Value locale="en">Minute</Value></Name></Offset><Behavior/></EscalationLevel><EscalationLevel><OffsetType value="After Forecast Date" index="1"><Name><Value locale="en">After Forecast Date</Value></Name></OffsetType><Offset unit="3" unit_value="2"><Name><Value locale="en">Day</Value></Name></Offset><Behavior/></EscalationLevel></EscalationLevel><AdditionalProperties/></EscalationListVersion><EscalationListVersion effective="2020-12-29T09:14:01" expiration="2020-12-30T06:46:22" versionId="16" action="noChange"><ID value="202d1b8c-c9e4-4022-88d7-db42fb310437"/><Description/><EscalationLevel><EscalationLevel><OffsetType value="After Forecast Date" index="1"><Name><Value locale="en">After Forecast Date</Value></Name></OffsetType><Offset unit="0" unit_value="1"><Name><Value locale="en">Minute</Value></Name></Offset><Behavior/></EscalationLevel><EscalationLevel><OffsetType value="After Forecast Date" index="1"><Name><Value locale="en">After Forecast Date</Value></Name></OffsetType><Offset unit="0" unit_value="2"><Name><Value locale="en">Minute</Value></Name></Offset><Behavior/></EscalationLevel><EscalationLevel><OffsetType value="After Forecast Date" index="1"><Name><Value locale="en">After Forecast Date</Value></Name></OffsetType><Offset unit="3" unit_value="2"><Name><Value locale="en">Day</Value></Name></Offset><Behavior value="Delay_in_Error_Handling_3"/></EscalationLevel></EscalationLevel><AdditionalProperties/></EscalationListVersion><EscalationListVersion effective="2020-12-30T06:46:23" expiration="2020-12-30T06:49:53" versionId="17" action="noChange"><ID value="202d1b8c-c9e4-4022-88d7-db42fb310437"/><Description/><EscalationLevel><EscalationLevel><OffsetType value="After Forecast Date" index="1"><Name><Value locale="en">After Forecast Date</Value></Name></OffsetType><Offset unit="0" unit_value="1"><Name><Value locale="en">Minute</Value></Name></Offset><Behavior/></EscalationLevel><EscalationLevel><OffsetType value="After Forecast Date" index="1"><Name><Value locale="en">After Forecast Date</Value></Name></OffsetType><Offset unit="0" unit_value="2"><Name><Value locale="en">Minute</Value></Name></Offset><Behavior/></EscalationLevel><EscalationLevel><OffsetType value="After Forecast Date" index="1"><Name><Value locale="en">After Forecast Date</Value></Name></OffsetType><Offset unit="0" unit_value="3"><Name><Value locale="en">Minute</Value></Name></Offset><Behavior value="Delay_in_Error_Handling_3"/></EscalationLevel></EscalationLevel><AdditionalProperties/></EscalationListVersion><EscalationListVersion effective="2020-12-30T06:49:54" expiration="2020-12-30T08:33:57" versionId="18" action="noChange"><ID value="202d1b8c-c9e4-4022-88d7-db42fb310437"/><Description/><EscalationLevel><EscalationLevel><OffsetType value="After Forecast Date" index="1"><Name><Value locale="en">After Forecast Date</Value></Name></OffsetType><Offset unit="0" unit_value="1"><Name><Value locale="en">Minute</Value></Name></Offset><Behavior/></EscalationLevel><EscalationLevel><OffsetType value="After Forecast Date" index="1"><Name><Value locale="en">After Forecast Date</Value></Name></OffsetType><Offset unit="0" unit_value="2"><Name><Value locale="en">Minute</Value></Name></Offset><Behavior/></EscalationLevel><EscalationLevel><OffsetType value="After Forecast Date" index="1"><Name><Value locale="en">After Forecast Date</Value></Name></OffsetType><Offset unit="3" unit_value="2"><Name><Value locale="en">Day</Value></Name></Offset><Behavior value="Delay_in_Error_Handling_3"/></EscalationLevel></EscalationLevel><AdditionalProperties/></EscalationListVersion><EscalationListVersion effective="2020-12-30T08:33:58" expiration="2020-12-30T08:36:16" versionId="19" action="noChange"><ID value="202d1b8c-c9e4-4022-88d7-db42fb310437"/><Description/><EscalationLevel><EscalationLevel><OffsetType value="After Forecast Date" index="1"><Name><Value locale="en">After Forecast Date</Value></Name></OffsetType><Offset unit="0" unit_value="1"><Name><Value locale="en">Minute</Value></Name></Offset><Behavior/></EscalationLevel><EscalationLevel><OffsetType value="After Forecast Date" index="1"><Name><Value locale="en">After Forecast Date</Value></Name></OffsetType><Offset unit="0" unit_value="2"><Name><Value locale="en">Minute</Value></Name></Offset><Behavior/></EscalationLevel><EscalationLevel><OffsetType value="After Forecast Date" index="1"><Name><Value locale="en">After Forecast Date</Value></Name></OffsetType><Offset unit="0" unit_value="3"><Name><Value locale="en">Minute</Value></Name></Offset><Behavior value="Delay_in_Error_Handling_3"/></EscalationLevel></EscalationLevel><AdditionalProperties/></EscalationListVersion><EscalationListVersion effective="2020-11-19T14:34:36" expiration="2020-11-26T06:30:07" versionId="2" action="noChange"><ID value="202d1b8c-c9e4-4022-88d7-db42fb310437"/><Description/><EscalationLevel><EscalationLevel><OffsetType value="After Forecast Date" index="1"><Name><Value locale="en">After Forecast Date</Value></Name></OffsetType><Offset unit="0" unit_value="1"><Name><Value locale="en">Minute</Value></Name></Offset><Behavior/></EscalationLevel><EscalationLevel><OffsetType value="After Forecast Date" index="1"><Name><Value locale="en">After Forecast Date</Value></Name></OffsetType><Offset unit="3" unit_value="2"><Name><Value locale="en">Day</Value></Name></Offset><Behavior/></EscalationLevel></EscalationLevel><AdditionalProperties/></EscalationListVersion><EscalationListVersion effective="2020-12-30T08:36:17" expiration="2021-01-05T08:07:14" versionId="20" action="noChange"><ID value="202d1b8c-c9e4-4022-88d7-db42fb310437"/><Description/><EscalationLevel><EscalationLevel><OffsetType value="After Forecast Date" index="1"><Name><Value locale="en">After Forecast Date</Value></Name></OffsetType><Offset unit="0" unit_value="1"><Name><Value locale="en">Minute</Value></Name></Offset><Behavior/></EscalationLevel><EscalationLevel><OffsetType value="After Forecast Date" index="1"><Name><Value locale="en">After Forecast Date</Value></Name></OffsetType><Offset unit="0" unit_value="2"><Name><Value locale="en">Minute</Value></Name></Offset><Behavior/></EscalationLevel><EscalationLevel><OffsetType value="After Forecast Date" index="1"><Name><Value locale="en">After Forecast Date</Value></Name></OffsetType><Offset unit="3" unit_value="2"><Name><Value locale="en">Day</Value></Name></Offset><Behavior value="Delay_in_Error_Handling_3"/></EscalationLevel></EscalationLevel><AdditionalProperties/></EscalationListVersion><EscalationListVersion effective="2021-01-05T08:07:15" expiration="2021-01-05T08:13:39" versionId="21" action="noChange"><ID value="202d1b8c-c9e4-4022-88d7-db42fb310437"/><Description/><EscalationLevel><EscalationLevel><OffsetType value="After Forecast Date" index="1"><Name><Value locale="en">After Forecast Date</Value></Name></OffsetType><Offset unit="0" unit_value="1"><Name><Value locale="en">Minute</Value></Name></Offset><Behavior/></EscalationLevel><EscalationLevel><OffsetType value="After Forecast Date" index="1"><Name><Value locale="en">After Forecast Date</Value></Name></OffsetType><Offset unit="0" unit_value="2"><Name><Value locale="en">Minute</Value></Name></Offset><Behavior/></EscalationLevel><EscalationLevel><OffsetType value="After Forecast Date" index="1"><Name><Value locale="en">After Forecast Date</Value></Name></OffsetType><Offset unit="0" unit_value="3"><Name><Value locale="en">Minute</Value></Name></Offset><Behavior value="Delay_in_Error_Handling_3"/></EscalationLevel></EscalationLevel><AdditionalProperties/></EscalationListVersion><EscalationListVersion effective="2021-01-05T08:13:40" expiration="2021-02-02T12:53:54" versionId="22" action="noChange"><ID value="202d1b8c-c9e4-4022-88d7-db42fb310437"/><Description/><EscalationLevel><EscalationLevel><OffsetType value="After Forecast Date" index="1"><Name><Value locale="en">After Forecast Date</Value></Name></OffsetType><Offset unit="0" unit_value="1"><Name><Value locale="en">Minute</Value></Name></Offset><Behavior/></EscalationLevel><EscalationLevel><OffsetType value="After Forecast Date" index="1"><Name><Value locale="en">After Forecast Date</Value></Name></OffsetType><Offset unit="0" unit_value="2"><Name><Value locale="en">Minute</Value></Name></Offset><Behavior/></EscalationLevel><EscalationLevel><OffsetType value="After Forecast Date" index="1"><Name><Value locale="en">After Forecast Date</Value></Name></OffsetType><Offset unit="3" unit_value="2"><Name><Value locale="en">Day</Value></Name></Offset><Behavior value="Delay_in_Error_Handling_3"/></EscalationLevel></EscalationLevel><AdditionalProperties/></EscalationListVersion><EscalationListVersion effective="2021-02-02T12:53:55" expiration="2021-02-02T13:06:35" versionId="23" action="noChange"><ID value="202d1b8c-c9e4-4022-88d7-db42fb310437"/><Description/><EscalationLevel><EscalationLevel><OffsetType value="After Forecast Date" index="1"><Name><Value locale="en">After Forecast Date</Value></Name></OffsetType><Offset unit="0" unit_value="1"><Name><Value locale="en">Minute</Value></Name></Offset><Behavior/></EscalationLevel><EscalationLevel><OffsetType value="After Forecast Date" index="1"><Name><Value locale="en">After Forecast Date</Value></Name></OffsetType><Offset unit="0" unit_value="2"><Name><Value locale="en">Minute</Value></Name></Offset><Behavior/></EscalationLevel><EscalationLevel><OffsetType value="After Forecast Date" index="1"><Name><Value locale="en">After Forecast Date</Value></Name></OffsetType><Offset unit="0" unit_value="3"><Name><Value locale="en">Minute</Value></Name></Offset><Behavior value="Delay_in_Error_Handling_3"/></EscalationLevel></EscalationLevel><AdditionalProperties/></EscalationListVersion><EscalationListVersion effective="2021-02-02T13:06:36" expiration="2021-02-03T09:54:45" versionId="24" action="noChange"><ID value="202d1b8c-c9e4-4022-88d7-db42fb310437"/><Description/><EscalationLevel><EscalationLevel><OffsetType value="After Forecast Date" index="1"><Name><Value locale="en">After Forecast Date</Value></Name></OffsetType><Offset unit="0" unit_value="1"><Name><Value locale="en">Minute</Value></Name></Offset><Behavior/></EscalationLevel><EscalationLevel><OffsetType value="After Forecast Date" index="1"><Name><Value locale="en">After Forecast Date</Value></Name></OffsetType><Offset unit="0" unit_value="2"><Name><Value locale="en">Minute</Value></Name></Offset><Behavior/></EscalationLevel><EscalationLevel><OffsetType value="After Forecast Date" index="1"><Name><Value locale="en">After Forecast Date</Value></Name></OffsetType><Offset unit="3" unit_value="2"><Name><Value locale="en">Day</Value></Name></Offset><Behavior value="Delay_in_Error_Handling_3"/></EscalationLevel></EscalationLevel><AdditionalProperties/></EscalationListVersion><EscalationListVersion effective="2021-02-03T09:54:46" expiration="2021-02-03T10:11:44" versionId="25" action="noChange"><ID value="202d1b8c-c9e4-4022-88d7-db42fb310437"/><Description/><EscalationLevel><EscalationLevel><OffsetType value="After Forecast Date" index="1"><Name><Value locale="en">After Forecast Date</Value></Name></OffsetType><Offset unit="0" unit_value="1"><Name><Value locale="en">Minute</Value></Name></Offset><Behavior/></EscalationLevel><EscalationLevel><OffsetType value="After Forecast Date" index="1"><Name><Value locale="en">After Forecast Date</Value></Name></OffsetType><Offset unit="0" unit_value="2"><Name><Value locale="en">Minute</Value></Name></Offset><Behavior/></EscalationLevel><EscalationLevel><OffsetType value="After Forecast Date" index="1"><Name><Value locale="en">After Forecast Date</Value></Name></OffsetType><Offset unit="0" unit_value="3"><Name><Value locale="en">Minute</Value></Name></Offset><Behavior value="Delay_in_Error_Handling_3"/></EscalationLevel></EscalationLevel><AdditionalProperties/></EscalationListVersion><EscalationListVersion effective="2021-02-03T10:11:45" expiration="2021-02-16T07:53:27" versionId="26" action="noChange"><ID value="202d1b8c-c9e4-4022-88d7-db42fb310437"/><Description/><EscalationLevel><EscalationLevel><OffsetType value="After Forecast Date" index="1"><Name><Value locale="en">After Forecast Date</Value></Name></OffsetType><Offset unit="0" unit_value="1"><Name><Value locale="en">Minute</Value></Name></Offset><Behavior/></EscalationLevel><EscalationLevel><OffsetType value="After Forecast Date" index="1"><Name><Value locale="en">After Forecast Date</Value></Name></OffsetType><Offset unit="0" unit_value="2"><Name><Value locale="en">Minute</Value></Name></Offset><Behavior/></EscalationLevel><EscalationLevel><OffsetType value="After Forecast Date" index="1"><Name><Value locale="en">After Forecast Date</Value></Name></OffsetType><Offset unit="3" unit_value="2"><Name><Value locale="en">Day</Value></Name></Offset><Behavior value="Delay_in_Error_Handling_3"/></EscalationLevel></EscalationLevel><AdditionalProperties/></EscalationListVersion><EscalationListVersion effective="2021-02-16T07:53:28" expiration="2021-02-16T08:15:06" versionId="27" action="noChange"><ID value="202d1b8c-c9e4-4022-88d7-db42fb310437"/><Description/><EscalationLevel><EscalationLevel><OffsetType value="After Forecast Date" index="1"><Name><Value locale="en">After Forecast Date</Value></Name></OffsetType><Offset unit="0" unit_value="1"><Name><Value locale="en">Minute</Value></Name></Offset><Behavior/></EscalationLevel><EscalationLevel><OffsetType value="After Forecast Date" index="1"><Name><Value locale="en">After Forecast Date</Value></Name></OffsetType><Offset unit="0" unit_value="2"><Name><Value locale="en">Minute</Value></Name></Offset><Behavior/></EscalationLevel><EscalationLevel><OffsetType value="After Forecast Date" index="1"><Name><Value locale="en">After Forecast Date</Value></Name></OffsetType><Offset unit="0" unit_value="3"><Name><Value locale="en">Minute</Value></Name></Offset><Behavior value="Delay_in_Error_Handling_3"/></EscalationLevel></EscalationLevel><AdditionalProperties/></EscalationListVersion><EscalationListVersion effective="2021-02-16T08:15:07" expiration="NONE" versionId="28" action="noChange"><ID value="202d1b8c-c9e4-4022-88d7-db42fb310437"/><Description/><EscalationLevel><EscalationLevel><OffsetType value="After Forecast Date" index="1"><Name><Value locale="en">After Forecast Date</Value></Name></OffsetType><Offset unit="0" unit_value="1"><Name><Value locale="en">Minute</Value></Name></Offset><Behavior/></EscalationLevel><EscalationLevel><OffsetType value="After Forecast Date" index="1"><Name><Value locale="en">After Forecast Date</Value></Name></OffsetType><Offset unit="0" unit_value="2"><Name><Value locale="en">Minute</Value></Name></Offset><Behavior/></EscalationLevel><EscalationLevel><OffsetType value="After Forecast Date" index="1"><Name><Value locale="en">After Forecast Date</Value></Name></OffsetType><Offset unit="3" unit_value="2"><Name><Value locale="en">Day</Value></Name></Offset><Behavior value="Delay_in_Error_Handling_3"/></EscalationLevel></EscalationLevel><AdditionalProperties/></EscalationListVersion><EscalationListVersion effective="2020-11-26T06:30:08" expiration="2020-11-29T06:58:06" versionId="3" action="noChange"><ID value="202d1b8c-c9e4-4022-88d7-db42fb310437"/><Description/><EscalationLevel><EscalationLevel><OffsetType value="After Forecast Date" index="1"><Name><Value locale="en">After Forecast Date</Value></Name></OffsetType><Offset unit="0" unit_value="1"><Name><Value locale="en">Minute</Value></Name></Offset><Behavior/></EscalationLevel><EscalationLevel><OffsetType value="After Forecast Date" index="1"><Name><Value locale="en">After Forecast Date</Value></Name></OffsetType><Offset unit="0" unit_value="2"><Name><Value locale="en">Minute</Value></Name></Offset><Behavior/></EscalationLevel><EscalationLevel><OffsetType value="After Forecast Date" index="1"><Name><Value locale="en">After Forecast Date</Value></Name></OffsetType><Offset unit="0" unit_value="3"><Name><Value locale="en">Minute</Value></Name></Offset><Behavior/></EscalationLevel></EscalationLevel><AdditionalProperties/></EscalationListVersion><EscalationListVersion effective="2020-11-29T06:58:07" expiration="2020-12-03T10:54:58" versionId="4" action="noChange"><ID value="202d1b8c-c9e4-4022-88d7-db42fb310437"/><Description/><EscalationLevel><EscalationLevel><OffsetType value="After Forecast Date" index="1"><Name><Value locale="en">After Forecast Date</Value></Name></OffsetType><Offset unit="0" unit_value="1"><Name><Value locale="en">Minute</Value></Name></Offset><Behavior/></EscalationLevel><EscalationLevel><OffsetType value="After Forecast Date" index="1"><Name><Value locale="en">After Forecast Date</Value></Name></OffsetType><Offset unit="0" unit_value="2"><Name><Value locale="en">Minute</Value></Name></Offset><Behavior/></EscalationLevel><EscalationLevel><OffsetType value="After Forecast Date" index="1"><Name><Value locale="en">After Forecast Date</Value></Name></OffsetType><Offset unit="0" unit_value="5"><Name><Value locale="en">Minute</Value></Name></Offset><Behavior/></EscalationLevel></EscalationLevel><AdditionalProperties/></EscalationListVersion><EscalationListVersion effective="2020-12-03T10:54:59" expiration="2020-12-17T11:45:02" versionId="5" action="noChange"><ID value="202d1b8c-c9e4-4022-88d7-db42fb310437"/><Description/><EscalationLevel><EscalationLevel><OffsetType value="After Forecast Date" index="1"><Name><Value locale="en">After Forecast Date</Value></Name></OffsetType><Offset unit="0" unit_value="1"><Name><Value locale="en">Minute</Value></Name></Offset><Behavior/></EscalationLevel><EscalationLevel><OffsetType value="After Forecast Date" index="1"><Name><Value locale="en">After Forecast Date</Value></Name></OffsetType><Offset unit="0" unit_value="2"><Name><Value locale="en">Minute</Value></Name></Offset><Behavior/></EscalationLevel><EscalationLevel><OffsetType value="After Forecast Date" index="1"><Name><Value locale="en">After Forecast Date</Value></Name></OffsetType><Offset unit="3" unit_value="2"><Name><Value locale="en">Day</Value></Name></Offset><Behavior/></EscalationLevel></EscalationLevel><AdditionalProperties/></EscalationListVersion><EscalationListVersion effective="2020-12-17T11:45:03" expiration="2020-12-21T09:08:03" versionId="6" action="noChange"><ID value="202d1b8c-c9e4-4022-88d7-db42fb310437"/><Description/><EscalationLevel><EscalationLevel><OffsetType value="After Forecast Date" index="1"><Name><Value locale="en">After Forecast Date</Value></Name></OffsetType><Offset unit="0" unit_value="1"><Name><Value locale="en">Minute</Value></Name></Offset><Behavior/></EscalationLevel><EscalationLevel><OffsetType value="After Forecast Date" index="1"><Name><Value locale="en">After Forecast Date</Value></Name></OffsetType><Offset unit="0" unit_value="2"><Name><Value locale="en">Minute</Value></Name></Offset><Behavior value="Delay_in_Error_Handling_2"/></EscalationLevel><EscalationLevel><OffsetType value="After Forecast Date" index="1"><Name><Value locale="en">After Forecast Date</Value></Name></OffsetType><Offset unit="3" unit_value="2"><Name><Value locale="en">Day</Value></Name></Offset><Behavior/></EscalationLevel></EscalationLevel><AdditionalProperties/></EscalationListVersion><EscalationListVersion effective="2020-12-21T09:08:04" expiration="2020-12-21T09:35:32" versionId="7" action="noChange"><ID value="202d1b8c-c9e4-4022-88d7-db42fb310437"/><Description/><EscalationLevel><EscalationLevel><OffsetType value="After Forecast Date" index="1"><Name><Value locale="en">After Forecast Date</Value></Name></OffsetType><Offset unit="0" unit_value="1"><Name><Value locale="en">Minute</Value></Name></Offset><Behavior/></EscalationLevel><EscalationLevel><OffsetType value="After Forecast Date" index="1"><Name><Value locale="en">After Forecast Date</Value></Name></OffsetType><Offset unit="0" unit_value="2"><Name><Value locale="en">Minute</Value></Name></Offset><Behavior value="Delay_in_Error_Handling_2"/></EscalationLevel><EscalationLevel><OffsetType value="After Forecast Date" index="1"><Name><Value locale="en">After Forecast Date</Value></Name></OffsetType><Offset unit="3" unit_value="2"><Name><Value locale="en">Day</Value></Name></Offset><Behavior/></EscalationLevel></EscalationLevel><AdditionalProperties/></EscalationListVersion><EscalationListVersion effective="2020-12-21T09:35:33" expiration="2020-12-23T13:54:31" versionId="8" action="noChange"><ID value="202d1b8c-c9e4-4022-88d7-db42fb310437"/><Description/><EscalationLevel><EscalationLevel><OffsetType value="After Forecast Date" index="1"><Name><Value locale="en">After Forecast Date</Value></Name></OffsetType><Offset unit="0" unit_value="1"><Name><Value locale="en">Minute</Value></Name></Offset><Behavior/></EscalationLevel><EscalationLevel><OffsetType value="After Forecast Date" index="1"><Name><Value locale="en">After Forecast Date</Value></Name></OffsetType><Offset unit="0" unit_value="2"><Name><Value locale="en">Minute</Value></Name></Offset><Behavior/></EscalationLevel><EscalationLevel><OffsetType value="After Forecast Date" index="1"><Name><Value locale="en">After Forecast Date</Value></Name></OffsetType><Offset unit="3" unit_value="2"><Name><Value locale="en">Day</Value></Name></Offset><Behavior value="Delay_in_Error_Handling_3"/></EscalationLevel></EscalationLevel><AdditionalProperties/></EscalationListVersion><EscalationListVersion effective="2020-12-23T13:54:32" expiration="2020-12-23T14:00:35" versionId="9" action="noChange"><ID value="202d1b8c-c9e4-4022-88d7-db42fb310437"/><Description/><EscalationLevel><EscalationLevel><OffsetType value="After Forecast Date" index="1"><Name><Value locale="en">After Forecast Date</Value></Name></OffsetType><Offset unit="0" unit_value="1"><Name><Value locale="en">Minute</Value></Name></Offset><Behavior/></EscalationLevel><EscalationLevel><OffsetType value="After Forecast Date" index="1"><Name><Value locale="en">After Forecast Date</Value></Name></OffsetType><Offset unit="0" unit_value="2"><Name><Value locale="en">Minute</Value></Name></Offset><Behavior/></EscalationLevel><EscalationLevel><OffsetType value="After Forecast Date" index="1"><Name><Value locale="en">After Forecast Date</Value></Name></OffsetType><Offset unit="0" unit_value="3"><Name><Value locale="en">Minute</Value></Name></Offset><Behavior value="Delay_in_Error_Handling_3"/></EscalationLevel></EscalationLevel><AdditionalProperties/></EscalationListVersion></EscalationListVersions></EscalationList><EscalationList id="4ee70aa457a945f5a24ee8418a575d4d" action="noChange" core_data_overridden="false"><Name><Value locale="en">Wait for Provisioning Error</Value><Value locale="pt_BR">Wait for Provisioning Error</Value><Value locale="es">Wait for Provisioning Error</Value></Name><EscalationListVersions><EscalationListVersion effective="2020-12-16T11:38:40" expiration="2020-12-21T11:13:48" versionId="1" action="noChange"><ID value="202d1b8c-c9e4-4022-88d7-db42fb310437"/><Description/><EscalationLevel><EscalationLevel><OffsetType value="After Forecast Date" index="1"><Name><Value locale="en">After Forecast Date</Value></Name></OffsetType><Offset unit="3" unit_value="3"><Name><Value locale="en">Day</Value></Name></Offset><Behavior/></EscalationLevel></EscalationLevel><AdditionalProperties/></EscalationListVersion><EscalationListVersion effective="2020-12-28T12:27:16" expiration="2020-12-28T12:28:55" versionId="10" action="noChange"><ID value="202d1b8c-c9e4-4022-88d7-db42fb310437"/><Description/><EscalationLevel><EscalationLevel><OffsetType value="After Forecast Date" index="1"><Name><Value locale="en">After Forecast Date</Value></Name></OffsetType><Offset unit="0" unit_value="3"><Name><Value locale="en">Minute</Value></Name></Offset><Behavior value="Wait_for_Provisioning_Error_1"/></EscalationLevel></EscalationLevel><AdditionalProperties/></EscalationListVersion><EscalationListVersion effective="2020-12-28T12:28:56" expiration="2020-12-30T06:47:56" versionId="11" action="noChange"><ID value="202d1b8c-c9e4-4022-88d7-db42fb310437"/><Description/><EscalationLevel><EscalationLevel><OffsetType value="After Forecast Date" index="1"><Name><Value locale="en">After Forecast Date</Value></Name></OffsetType><Offset unit="2" unit_value="3"><Name><Value locale="en">Hour</Value></Name></Offset><Behavior value="Wait_for_Provisioning_Error_1"/></EscalationLevel></EscalationLevel><AdditionalProperties/></EscalationListVersion><EscalationListVersion effective="2020-12-30T06:47:57" expiration="2020-12-30T06:50:13" versionId="12" action="noChange"><ID value="202d1b8c-c9e4-4022-88d7-db42fb310437"/><Description/><EscalationLevel><EscalationLevel><OffsetType value="After Forecast Date" index="1"><Name><Value locale="en">After Forecast Date</Value></Name></OffsetType><Offset unit="0" unit_value="3"><Name><Value locale="en">Minute</Value></Name></Offset><Behavior value="Wait_for_Provisioning_Error_1"/></EscalationLevel></EscalationLevel><AdditionalProperties/></EscalationListVersion><EscalationListVersion effective="2020-12-30T06:50:14" expiration="2021-01-05T08:07:34" versionId="13" action="noChange"><ID value="202d1b8c-c9e4-4022-88d7-db42fb310437"/><Description/><EscalationLevel><EscalationLevel><OffsetType value="After Forecast Date" index="1"><Name><Value locale="en">After Forecast Date</Value></Name></OffsetType><Offset unit="2" unit_value="3"><Name><Value locale="en">Hour</Value></Name></Offset><Behavior value="Wait_for_Provisioning_Error_1"/></EscalationLevel></EscalationLevel><AdditionalProperties/></EscalationListVersion><EscalationListVersion effective="2021-01-05T08:07:35" expiration="2021-01-05T08:14:03" versionId="14" action="noChange"><ID value="202d1b8c-c9e4-4022-88d7-db42fb310437"/><Description/><EscalationLevel><EscalationLevel><OffsetType value="After Forecast Date" index="1"><Name><Value locale="en">After Forecast Date</Value></Name></OffsetType><Offset unit="0" unit_value="3"><Name><Value locale="en">Minute</Value></Name></Offset><Behavior value="Wait_for_Provisioning_Error_1"/></EscalationLevel></EscalationLevel><AdditionalProperties/></EscalationListVersion><EscalationListVersion effective="2021-01-05T08:14:04" expiration="2021-02-01T15:32:39" versionId="15" action="noChange"><ID value="202d1b8c-c9e4-4022-88d7-db42fb310437"/><Description/><EscalationLevel><EscalationLevel><OffsetType value="After Forecast Date" index="1"><Name><Value locale="en">After Forecast Date</Value></Name></OffsetType><Offset unit="2" unit_value="3"><Name><Value locale="en">Hour</Value></Name></Offset><Behavior value="Wait_for_Provisioning_Error_1"/></EscalationLevel></EscalationLevel><AdditionalProperties/></EscalationListVersion><EscalationListVersion effective="2021-02-01T15:32:40" expiration="2021-02-01T15:42:54" versionId="16" action="noChange"><ID value="202d1b8c-c9e4-4022-88d7-db42fb310437"/><Description/><EscalationLevel><EscalationLevel><OffsetType value="After Forecast Date" index="1"><Name><Value locale="en">After Forecast Date</Value></Name></OffsetType><Offset unit="0" unit_value="1"><Name><Value locale="en">Minute</Value></Name></Offset><Behavior value="Wait_for_Provisioning_Error_1"/></EscalationLevel></EscalationLevel><AdditionalProperties/></EscalationListVersion><EscalationListVersion effective="2021-02-01T15:42:55" expiration="2021-02-02T12:54:15" versionId="17" action="noChange"><ID value="202d1b8c-c9e4-4022-88d7-db42fb310437"/><Description/><EscalationLevel><EscalationLevel><OffsetType value="After Forecast Date" index="1"><Name><Value locale="en">After Forecast Date</Value></Name></OffsetType><Offset unit="2" unit_value="3"><Name><Value locale="en">Hour</Value></Name></Offset><Behavior value="Wait_for_Provisioning_Error_1"/></EscalationLevel></EscalationLevel><AdditionalProperties/></EscalationListVersion><EscalationListVersion effective="2021-02-02T12:54:16" expiration="2021-02-02T13:06:56" versionId="18" action="noChange"><ID value="202d1b8c-c9e4-4022-88d7-db42fb310437"/><Description/><EscalationLevel><EscalationLevel><OffsetType value="After Forecast Date" index="1"><Name><Value locale="en">After Forecast Date</Value></Name></OffsetType><Offset unit="0" unit_value="1"><Name><Value locale="en">Minute</Value></Name></Offset><Behavior value="Wait_for_Provisioning_Error_1"/></EscalationLevel></EscalationLevel><AdditionalProperties/></EscalationListVersion><EscalationListVersion effective="2021-02-02T13:06:57" expiration="2021-02-03T09:55:01" versionId="19" action="noChange"><ID value="202d1b8c-c9e4-4022-88d7-db42fb310437"/><Description/><EscalationLevel><EscalationLevel><OffsetType value="After Forecast Date" index="1"><Name><Value locale="en">After Forecast Date</Value></Name></OffsetType><Offset unit="2" unit_value="3"><Name><Value locale="en">Hour</Value></Name></Offset><Behavior value="Wait_for_Provisioning_Error_1"/></EscalationLevel></EscalationLevel><AdditionalProperties/></EscalationListVersion><EscalationListVersion effective="2020-12-21T11:13:49" expiration="2020-12-21T17:21:42" versionId="2" action="noChange"><ID value="202d1b8c-c9e4-4022-88d7-db42fb310437"/><Description/><EscalationLevel><EscalationLevel><OffsetType value="After Forecast Date" index="1"><Name><Value locale="en">After Forecast Date</Value></Name></OffsetType><Offset unit="3" unit_value="3"><Name><Value locale="en">Day</Value></Name></Offset><Behavior value="Wait_for_Provisioning_Error_1"/></EscalationLevel></EscalationLevel><AdditionalProperties/></EscalationListVersion><EscalationListVersion effective="2021-02-03T09:55:02" expiration="2021-02-03T10:12:11" versionId="20" action="noChange"><ID value="202d1b8c-c9e4-4022-88d7-db42fb310437"/><Description/><EscalationLevel><EscalationLevel><OffsetType value="After Forecast Date" index="1"><Name><Value locale="en">After Forecast Date</Value></Name></OffsetType><Offset unit="0" unit_value="1"><Name><Value locale="en">Minute</Value></Name></Offset><Behavior value="Wait_for_Provisioning_Error_1"/></EscalationLevel></EscalationLevel><AdditionalProperties/></EscalationListVersion><EscalationListVersion effective="2021-02-03T10:12:12" expiration="2021-02-16T07:53:50" versionId="21" action="noChange"><ID value="202d1b8c-c9e4-4022-88d7-db42fb310437"/><Description/><EscalationLevel><EscalationLevel><OffsetType value="After Forecast Date" index="1"><Name><Value locale="en">After Forecast Date</Value></Name></OffsetType><Offset unit="2" unit_value="3"><Name><Value locale="en">Hour</Value></Name></Offset><Behavior value="Wait_for_Provisioning_Error_1"/></EscalationLevel></EscalationLevel><AdditionalProperties/></EscalationListVersion><EscalationListVersion effective="2021-02-16T07:53:51" expiration="2021-02-16T08:15:22" versionId="22" action="noChange"><ID value="202d1b8c-c9e4-4022-88d7-db42fb310437"/><Description/><EscalationLevel><EscalationLevel><OffsetType value="After Forecast Date" index="1"><Name><Value locale="en">After Forecast Date</Value></Name></OffsetType><Offset unit="0" unit_value="1"><Name><Value locale="en">Minute</Value></Name></Offset><Behavior value="Wait_for_Provisioning_Error_1"/></EscalationLevel></EscalationLevel><AdditionalProperties/></EscalationListVersion><EscalationListVersion effective="2021-02-16T08:15:23" expiration="NONE" versionId="23" action="noChange"><ID value="202d1b8c-c9e4-4022-88d7-db42fb310437"/><Description/><EscalationLevel><EscalationLevel><OffsetType value="After Forecast Date" index="1"><Name><Value locale="en">After Forecast Date</Value></Name></OffsetType><Offset unit="2" unit_value="3"><Name><Value locale="en">Hour</Value></Name></Offset><Behavior value="Wait_for_Provisioning_Error_1"/></EscalationLevel></EscalationLevel><AdditionalProperties/></EscalationListVersion><EscalationListVersion effective="2020-12-21T17:21:43" expiration="2020-12-23T09:25:27" versionId="3" action="noChange"><ID value="202d1b8c-c9e4-4022-88d7-db42fb310437"/><Description/><EscalationLevel><EscalationLevel><OffsetType value="After Forecast Date" index="1"><Name><Value locale="en">After Forecast Date</Value></Name></OffsetType><Offset unit="2" unit_value="3"><Name><Value locale="en">Hour</Value></Name></Offset><Behavior value="Wait_for_Provisioning_Error_1"/></EscalationLevel></EscalationLevel><AdditionalProperties/></EscalationListVersion><EscalationListVersion effective="2020-12-23T09:25:28" expiration="2020-12-23T12:29:33" versionId="4" action="noChange"><ID value="202d1b8c-c9e4-4022-88d7-db42fb310437"/><Description/><EscalationLevel><EscalationLevel><OffsetType value="After Forecast Date" index="1"><Name><Value locale="en">After Forecast Date</Value></Name></OffsetType><Offset unit="0" unit_value="3"><Name><Value locale="en">Minute</Value></Name></Offset><Behavior value="Wait_for_Provisioning_Error_1"/></EscalationLevel></EscalationLevel><AdditionalProperties/></EscalationListVersion><EscalationListVersion effective="2020-12-23T12:29:34" expiration="2020-12-23T13:55:36" versionId="5" action="noChange"><ID value="202d1b8c-c9e4-4022-88d7-db42fb310437"/><Description/><EscalationLevel><EscalationLevel><OffsetType value="After Forecast Date" index="1"><Name><Value locale="en">After Forecast Date</Value></Name></OffsetType><Offset unit="2" unit_value="3"><Name><Value locale="en">Hour</Value></Name></Offset><Behavior value="Wait_for_Provisioning_Error_1"/></EscalationLevel></EscalationLevel><AdditionalProperties/></EscalationListVersion><EscalationListVersion effective="2020-12-23T13:55:37" expiration="2020-12-23T14:00:55" versionId="6" action="noChange"><ID value="202d1b8c-c9e4-4022-88d7-db42fb310437"/><Description/><EscalationLevel><EscalationLevel><OffsetType value="After Forecast Date" index="1"><Name><Value locale="en">After Forecast Date</Value></Name></OffsetType><Offset unit="0" unit_value="3"><Name><Value locale="en">Minute</Value></Name></Offset><Behavior value="Wait_for_Provisioning_Error_1"/></EscalationLevel></EscalationLevel><AdditionalProperties/></EscalationListVersion><EscalationListVersion effective="2020-12-23T14:00:56" expiration="2020-12-28T07:28:56" versionId="7" action="noChange"><ID value="202d1b8c-c9e4-4022-88d7-db42fb310437"/><Description/><EscalationLevel><EscalationLevel><OffsetType value="After Forecast Date" index="1"><Name><Value locale="en">After Forecast Date</Value></Name></OffsetType><Offset unit="2" unit_value="3"><Name><Value locale="en">Hour</Value></Name></Offset><Behavior value="Wait_for_Provisioning_Error_1"/></EscalationLevel></EscalationLevel><AdditionalProperties/></EscalationListVersion><EscalationListVersion effective="2020-12-28T07:28:57" expiration="2020-12-28T07:39:56" versionId="8" action="noChange"><ID value="202d1b8c-c9e4-4022-88d7-db42fb310437"/><Description/><EscalationLevel><EscalationLevel><OffsetType value="After Forecast Date" index="1"><Name><Value locale="en">After Forecast Date</Value></Name></OffsetType><Offset unit="0" unit_value="3"><Name><Value locale="en">Minute</Value></Name></Offset><Behavior value="Wait_for_Provisioning_Error_1"/></EscalationLevel></EscalationLevel><AdditionalProperties/></EscalationListVersion><EscalationListVersion effective="2020-12-28T07:39:57" expiration="2020-12-28T12:27:15" versionId="9" action="noChange"><ID value="202d1b8c-c9e4-4022-88d7-db42fb310437"/><Description/><EscalationLevel><EscalationLevel><OffsetType value="After Forecast Date" index="1"><Name><Value locale="en">After Forecast Date</Value></Name></OffsetType><Offset unit="2" unit_value="3"><Name><Value locale="en">Hour</Value></Name></Offset><Behavior value="Wait_for_Provisioning_Error_1"/></EscalationLevel></EscalationLevel><AdditionalProperties/></EscalationListVersion></EscalationListVersions></EscalationList></EscalationListList>