<?xml version="1.0" encoding="UTF-8" standalone="yes"?><StatusAggregationMapList noNamespaceSchemaLocation="../../Catalog.xsd"><Id>e77334cf-db33-4219-a944-de4ac4f50249</Id><StatusAggregationMap id="4311d76e-6c4f-41d7-bc3e-8fc25e0e16cd" action="noChange" core_data_overridden="false"><Name><Value locale="en">Service to Product Status Aggregation</Value></Name><StatusAggregationMapVersions><StatusAggregationMapVersion effective="1900-01-01T00:00:00" expiration="NONE" action="noChange"><Description><Value value="This list contains status propagation from a service order level to a product order and contains the aggregation logic at product level." locale="en"/></Description><SourceType value="Service"><Name><Value locale="en">Service</Value></Name></SourceType><TargetType value="Product"><Name><Value locale="en">Product</Value></Name></TargetType><TargetBehavior><StatusAggregationMapTargetBehavior><TargetStatus value="oss_status_In_Delivery"/><AggregationType value="First"><Name><Value locale="en">First</Value></Name></AggregationType><SourceStatusList><StatusAggregationMapSourceList><SourceStatus value="oss_status_In_Delivery"/></StatusAggregationMapSourceList><StatusAggregationMapSourceList><SourceStatus value="oss_status_In_Design"/></StatusAggregationMapSourceList><StatusAggregationMapSourceList><SourceStatus value="oss_status_In_Implementation"/></StatusAggregationMapSourceList></SourceStatusList></StatusAggregationMapTargetBehavior><StatusAggregationMapTargetBehavior><TargetStatus value="oss_status_Activation_Completed"/><AggregationType value="Last"><Name><Value locale="en">Last</Value></Name></AggregationType><SourceStatusList><StatusAggregationMapSourceList><SourceStatus value="oss_status_Activation_Completed"/></StatusAggregationMapSourceList></SourceStatusList></StatusAggregationMapTargetBehavior><StatusAggregationMapTargetBehavior><TargetStatus value="oss_status_PONR"/><AggregationType value="First"><Name><Value locale="en">First</Value></Name></AggregationType><SourceStatusList><StatusAggregationMapSourceList><SourceStatus value="oss_status_PONR"/></StatusAggregationMapSourceList></SourceStatusList></StatusAggregationMapTargetBehavior><StatusAggregationMapTargetBehavior><TargetStatus value="oss_status_In_Transit"/><AggregationType value="First"><Name><Value locale="en">First</Value></Name></AggregationType><SourceStatusList><StatusAggregationMapSourceList><SourceStatus value="oss_status_STB_Dispatched"/></StatusAggregationMapSourceList></SourceStatusList></StatusAggregationMapTargetBehavior><StatusAggregationMapTargetBehavior><TargetStatus value="oss_status_Completed"/><AggregationType value="Last"><Name><Value locale="en">Last</Value></Name></AggregationType><SourceStatusList><StatusAggregationMapSourceList><SourceStatus value="oss_status_Completed"/></StatusAggregationMapSourceList></SourceStatusList></StatusAggregationMapTargetBehavior><StatusAggregationMapTargetBehavior><TargetStatus value="oss_status_Failed"/><AggregationType value="Always"><Name><Value locale="en">Always</Value></Name></AggregationType><SourceStatusList><StatusAggregationMapSourceList><SourceStatus value="oss_status_Failed"/></StatusAggregationMapSourceList></SourceStatusList></StatusAggregationMapTargetBehavior><StatusAggregationMapTargetBehavior><TargetStatus value="oss_status_Cancelled"/><AggregationType value="Last"><Name><Value locale="en">Last</Value></Name></AggregationType><SourceStatusList><StatusAggregationMapSourceList><SourceStatus value="oss_status_Cancelled"/></StatusAggregationMapSourceList></SourceStatusList></StatusAggregationMapTargetBehavior><StatusAggregationMapTargetBehavior><TargetStatus value="oss_status_In_Delay"/><AggregationType value="First"><Name><Value locale="en">First</Value></Name></AggregationType><SourceStatusList><StatusAggregationMapSourceList><SourceStatus value="oss_status_In_Delay"/></StatusAggregationMapSourceList></SourceStatusList></StatusAggregationMapTargetBehavior></TargetBehavior></StatusAggregationMapVersion></StatusAggregationMapVersions></StatusAggregationMap><StatusAggregationMap id="f4569446-8ff9-46ed-9670-167c79ad7432" action="noChange" core_data_overridden="false"><Name><Value locale="en">Product to Product Status Aggregation</Value></Name><StatusAggregationMapVersions><StatusAggregationMapVersion effective="1900-01-01T00:00:00" expiration="NONE" action="noChange"><Description><Value value="This list contains status propagation from a product order level to a product order (or a self update at product order level) and contains the aggregation logic at product level" locale="en"/></Description><SourceType value="Product"><Name><Value locale="en">Product</Value></Name></SourceType><TargetType value="Product"><Name><Value locale="en">Product</Value></Name></TargetType><TargetBehavior><StatusAggregationMapTargetBehavior><TargetStatus value="New"/><AggregationType value="First"><Name><Value locale="en">First</Value></Name></AggregationType><SourceStatusList><StatusAggregationMapSourceList><SourceStatus value="New"/></StatusAggregationMapSourceList></SourceStatusList></StatusAggregationMapTargetBehavior><StatusAggregationMapTargetBehavior><TargetStatus value="Amend in Progress"/><AggregationType value="First"><Name><Value locale="en">First</Value></Name></AggregationType><SourceStatusList><StatusAggregationMapSourceList><SourceStatus value="Amend in Progress"/></StatusAggregationMapSourceList></SourceStatusList></StatusAggregationMapTargetBehavior><StatusAggregationMapTargetBehavior><TargetStatus value="Cancel In Progress"/><AggregationType value="First"><Name><Value locale="en">First</Value></Name></AggregationType><SourceStatusList><StatusAggregationMapSourceList><SourceStatus value="Cancel In Progress"/></StatusAggregationMapSourceList></SourceStatusList></StatusAggregationMapTargetBehavior><StatusAggregationMapTargetBehavior><TargetStatus value="Capturing"/><AggregationType value="First"><Name><Value locale="en">First</Value></Name></AggregationType><SourceStatusList><StatusAggregationMapSourceList><SourceStatus value="Capturing"/></StatusAggregationMapSourceList></SourceStatusList></StatusAggregationMapTargetBehavior><StatusAggregationMapTargetBehavior><TargetStatus value="Submitted"/><AggregationType value="First"><Name><Value locale="en">First</Value></Name></AggregationType><SourceStatusList><StatusAggregationMapSourceList><SourceStatus value="Submitted"/></StatusAggregationMapSourceList></SourceStatusList></StatusAggregationMapTargetBehavior><StatusAggregationMapTargetBehavior><TargetStatus value="Sent to Fulfillment"/><AggregationType value="First"><Name><Value locale="en">First</Value></Name></AggregationType><SourceStatusList><StatusAggregationMapSourceList><SourceStatus value="Sent to Fulfillment"/></StatusAggregationMapSourceList></SourceStatusList></StatusAggregationMapTargetBehavior><StatusAggregationMapTargetBehavior><TargetStatus value="oss_status_Submitted"/><AggregationType value="First"><Name><Value locale="en">First</Value></Name></AggregationType><SourceStatusList><StatusAggregationMapSourceList><SourceStatus value="oss_status_Submitted"/></StatusAggregationMapSourceList></SourceStatusList></StatusAggregationMapTargetBehavior><StatusAggregationMapTargetBehavior><TargetStatus value="oss_status_In_Dispatch"/><AggregationType value="First"><Name><Value locale="en">First</Value></Name></AggregationType><SourceStatusList><StatusAggregationMapSourceList><SourceStatus value="oss_status_In_Dispatch"/></StatusAggregationMapSourceList></SourceStatusList></StatusAggregationMapTargetBehavior><StatusAggregationMapTargetBehavior><TargetStatus value="oss_status_In_Delivery"/><AggregationType value="First"><Name><Value locale="en">First</Value></Name></AggregationType><SourceStatusList><StatusAggregationMapSourceList><SourceStatus value="oss_status_In_Delivery"/></StatusAggregationMapSourceList></SourceStatusList></StatusAggregationMapTargetBehavior><StatusAggregationMapTargetBehavior><TargetStatus value="oss_status_Activation_Completed"/><AggregationType value="Last"><Name><Value locale="en">Last</Value></Name></AggregationType><SourceStatusList><StatusAggregationMapSourceList><SourceStatus value="oss_status_Activation_Completed"/></StatusAggregationMapSourceList></SourceStatusList></StatusAggregationMapTargetBehavior><StatusAggregationMapTargetBehavior><TargetStatus value="oss_status_PONR"/><AggregationType value="First"><Name><Value locale="en">First</Value></Name></AggregationType><SourceStatusList><StatusAggregationMapSourceList><SourceStatus value="oss_status_PONR"/></StatusAggregationMapSourceList></SourceStatusList></StatusAggregationMapTargetBehavior><StatusAggregationMapTargetBehavior><TargetStatus value="oss_status_In_Transit"/><AggregationType value="First"><Name><Value locale="en">First</Value></Name></AggregationType><SourceStatusList><StatusAggregationMapSourceList><SourceStatus value="oss_status_In_Transit"/></StatusAggregationMapSourceList></SourceStatusList></StatusAggregationMapTargetBehavior><StatusAggregationMapTargetBehavior><TargetStatus value="oss_status_Completed"/><AggregationType value="Last"><Name><Value locale="en">Last</Value></Name></AggregationType><SourceStatusList><StatusAggregationMapSourceList><SourceStatus value="oss_status_Completed"/></StatusAggregationMapSourceList></SourceStatusList></StatusAggregationMapTargetBehavior><StatusAggregationMapTargetBehavior><TargetStatus value="Assigned"/><AggregationType value="Last"><Name><Value locale="en">Last</Value></Name></AggregationType><SourceStatusList><StatusAggregationMapSourceList><SourceStatus value="Assigned"/></StatusAggregationMapSourceList></SourceStatusList></StatusAggregationMapTargetBehavior><StatusAggregationMapTargetBehavior><TargetStatus value="Fulfillment PONR Rejected"/><AggregationType value="First"><Name><Value locale="en">First</Value></Name></AggregationType><SourceStatusList><StatusAggregationMapSourceList><SourceStatus value="Fulfillment PONR Rejected"/></StatusAggregationMapSourceList></SourceStatusList></StatusAggregationMapTargetBehavior><StatusAggregationMapTargetBehavior><TargetStatus value="Fulfillment PONR Rejected Override"/><AggregationType value="First"><Name><Value locale="en">First</Value></Name></AggregationType><SourceStatusList><StatusAggregationMapSourceList><SourceStatus value="Fulfillment PONR Rejected Override"/></StatusAggregationMapSourceList></SourceStatusList></StatusAggregationMapTargetBehavior><StatusAggregationMapTargetBehavior><TargetStatus value="oss_status_Failed"/><AggregationType value="Always"><Name><Value locale="en">Always</Value></Name></AggregationType><SourceStatusList><StatusAggregationMapSourceList><SourceStatus value="oss_status_Failed"/></StatusAggregationMapSourceList></SourceStatusList></StatusAggregationMapTargetBehavior><StatusAggregationMapTargetBehavior><TargetStatus value="oss_status_Cancelled"/><AggregationType value="Last"><Name><Value locale="en">Last</Value></Name></AggregationType><SourceStatusList><StatusAggregationMapSourceList><SourceStatus value="oss_status_Cancelled"/></StatusAggregationMapSourceList></SourceStatusList></StatusAggregationMapTargetBehavior><StatusAggregationMapTargetBehavior><TargetStatus value="oss_status_In_Delay"/><AggregationType value="First"><Name><Value locale="en">First</Value></Name></AggregationType><SourceStatusList><StatusAggregationMapSourceList><SourceStatus value="oss_status_In_Delay"/></StatusAggregationMapSourceList></SourceStatusList></StatusAggregationMapTargetBehavior></TargetBehavior></StatusAggregationMapVersion></StatusAggregationMapVersions></StatusAggregationMap><StatusAggregationMap id="bbe5f312-c180-4342-b98f-fb317d8e16da" action="noChange" core_data_overridden="false"><Name><Value locale="en">Service to Service Status Aggregation</Value></Name><StatusAggregationMapVersions><StatusAggregationMapVersion effective="1900-01-01T00:00:00" expiration="NONE" action="noChange"><Description><Value value="This list contains status propagation from a service order level to a service order (or a self update at SO level) and contains the aggregation logic at service level" locale="en"/></Description><SourceType value="Service"><Name><Value locale="en">Service</Value></Name></SourceType><TargetType value="Service"><Name><Value locale="en">Service</Value></Name></TargetType><TargetBehavior><StatusAggregationMapTargetBehavior><TargetStatus value="oss_status_In_Delivery"/><AggregationType value="First"><Name><Value locale="en">First</Value></Name></AggregationType><SourceStatusList><StatusAggregationMapSourceList><SourceStatus value="oss_status_In_Delivery"/></StatusAggregationMapSourceList></SourceStatusList></StatusAggregationMapTargetBehavior><StatusAggregationMapTargetBehavior><TargetStatus value="oss_status_In_Design"/><AggregationType value="First"><Name><Value locale="en">First</Value></Name></AggregationType><SourceStatusList><StatusAggregationMapSourceList><SourceStatus value="oss_status_In_Design"/></StatusAggregationMapSourceList></SourceStatusList></StatusAggregationMapTargetBehavior><StatusAggregationMapTargetBehavior><TargetStatus value="oss_status_In_Implementation"/><AggregationType value="First"><Name><Value locale="en">First</Value></Name></AggregationType><SourceStatusList><StatusAggregationMapSourceList><SourceStatus value="oss_status_In_Implementation"/></StatusAggregationMapSourceList></SourceStatusList></StatusAggregationMapTargetBehavior><StatusAggregationMapTargetBehavior><TargetStatus value="oss_status_STB_Configured"/><AggregationType value="First"><Name><Value locale="en">First</Value></Name></AggregationType><SourceStatusList><StatusAggregationMapSourceList><SourceStatus value="oss_status_STB_Configured"/></StatusAggregationMapSourceList></SourceStatusList></StatusAggregationMapTargetBehavior><StatusAggregationMapTargetBehavior><TargetStatus value="oss_status_STB_Dispatched"/><AggregationType value="First"><Name><Value locale="en">First</Value></Name></AggregationType><SourceStatusList><StatusAggregationMapSourceList><SourceStatus value="oss_status_STB_Dispatched"/></StatusAggregationMapSourceList></SourceStatusList></StatusAggregationMapTargetBehavior><StatusAggregationMapTargetBehavior><TargetStatus value="oss_status_Ready_for_Activation"/><AggregationType value="Last"><Name><Value locale="en">Last</Value></Name></AggregationType><SourceStatusList><StatusAggregationMapSourceList><SourceStatus value="oss_status_Ready_for_Activation"/></StatusAggregationMapSourceList></SourceStatusList></StatusAggregationMapTargetBehavior><StatusAggregationMapTargetBehavior><TargetStatus value="oss_status_Activation_Completed"/><AggregationType value="Last"><Name><Value locale="en">Last</Value></Name></AggregationType><SourceStatusList><StatusAggregationMapSourceList><SourceStatus value="oss_status_Activation_Completed"/></StatusAggregationMapSourceList></SourceStatusList></StatusAggregationMapTargetBehavior><StatusAggregationMapTargetBehavior><TargetStatus value="oss_status_PONR"/><AggregationType value="First"><Name><Value locale="en">First</Value></Name></AggregationType><SourceStatusList><StatusAggregationMapSourceList><SourceStatus value="oss_status_PONR"/></StatusAggregationMapSourceList></SourceStatusList></StatusAggregationMapTargetBehavior><StatusAggregationMapTargetBehavior><TargetStatus value="oss_status_Completed"/><AggregationType value="Last"><Name><Value locale="en">Last</Value></Name></AggregationType><SourceStatusList><StatusAggregationMapSourceList><SourceStatus value="oss_status_Completed"/></StatusAggregationMapSourceList></SourceStatusList></StatusAggregationMapTargetBehavior><StatusAggregationMapTargetBehavior><TargetStatus value="oss_status_Failed"/><AggregationType value="Always"><Name><Value locale="en">Always</Value></Name></AggregationType><SourceStatusList><StatusAggregationMapSourceList><SourceStatus value="oss_status_Failed"/></StatusAggregationMapSourceList></SourceStatusList></StatusAggregationMapTargetBehavior><StatusAggregationMapTargetBehavior><TargetStatus value="oss_status_Cancelled"/><AggregationType value="Last"><Name><Value locale="en">Last</Value></Name></AggregationType><SourceStatusList><StatusAggregationMapSourceList><SourceStatus value="oss_status_Cancelled"/></StatusAggregationMapSourceList></SourceStatusList></StatusAggregationMapTargetBehavior><StatusAggregationMapTargetBehavior><TargetStatus value="oss_status_In_Delay"/><AggregationType value="First"><Name><Value locale="en">First</Value></Name></AggregationType><SourceStatusList><StatusAggregationMapSourceList><SourceStatus value="oss_status_In_Delay"/></StatusAggregationMapSourceList></SourceStatusList></StatusAggregationMapTargetBehavior></TargetBehavior></StatusAggregationMapVersion></StatusAggregationMapVersions></StatusAggregationMap><StatusAggregationMap id="6cb60798-8f30-46a6-b7ce-709afdae23e3" action="noChange" core_data_overridden="false"><Name><Value locale="en">TMF641-ServiceOrder_Service to TMF641-ServiceOrder_Service Status Aggregation</Value></Name><StatusAggregationMapVersions><StatusAggregationMapVersion effective="1900-01-01T00:00:00" expiration="NONE" action="noChange"><Description><Value value="TMF641-ServiceOrder_Service to TMF641-ServiceOrder_Service Status Aggregation, specific to TMF641 type of Orders" locale="en"/></Description><SourceType value="TMF641-ServiceOrder_Service"><Name><Value locale="en">TMF641-ServiceOrder_Service</Value></Name></SourceType><TargetType value="TMF641-ServiceOrder_Service"><Name><Value locale="en">TMF641-ServiceOrder_Service</Value></Name></TargetType><TargetBehavior><StatusAggregationMapTargetBehavior><TargetStatus value="rejected"/><AggregationType value="First"><Name><Value locale="en">First</Value></Name></AggregationType><SourceStatusList><StatusAggregationMapSourceList><SourceStatus value="rejected"/></StatusAggregationMapSourceList></SourceStatusList></StatusAggregationMapTargetBehavior><StatusAggregationMapTargetBehavior><TargetStatus value="inProgress"/><AggregationType value="First"><Name><Value locale="en">First</Value></Name></AggregationType><SourceStatusList><StatusAggregationMapSourceList><SourceStatus value="inProgress"/></StatusAggregationMapSourceList></SourceStatusList></StatusAggregationMapTargetBehavior><StatusAggregationMapTargetBehavior><TargetStatus value="pending"/><AggregationType value="First"><Name><Value locale="en">First</Value></Name></AggregationType><SourceStatusList><StatusAggregationMapSourceList><SourceStatus value="pending"/></StatusAggregationMapSourceList></SourceStatusList></StatusAggregationMapTargetBehavior><StatusAggregationMapTargetBehavior><TargetStatus value="held"/><AggregationType value="First"><Name><Value locale="en">First</Value></Name></AggregationType><SourceStatusList><StatusAggregationMapSourceList><SourceStatus value="held"/></StatusAggregationMapSourceList></SourceStatusList></StatusAggregationMapTargetBehavior><StatusAggregationMapTargetBehavior><TargetStatus value="failed"/><AggregationType value="Last"><Name><Value locale="en">Last</Value></Name></AggregationType><SourceStatusList><StatusAggregationMapSourceList><SourceStatus value="failed"/></StatusAggregationMapSourceList></SourceStatusList></StatusAggregationMapTargetBehavior><StatusAggregationMapTargetBehavior><TargetStatus value="completed"/><AggregationType value="Last"><Name><Value locale="en">Last</Value></Name></AggregationType><SourceStatusList><StatusAggregationMapSourceList><SourceStatus value="completed"/></StatusAggregationMapSourceList></SourceStatusList></StatusAggregationMapTargetBehavior><StatusAggregationMapTargetBehavior><TargetStatus value="cancelled"/><AggregationType value="Last"><Name><Value locale="en">Last</Value></Name></AggregationType><SourceStatusList><StatusAggregationMapSourceList><SourceStatus value="cancelled"/></StatusAggregationMapSourceList></SourceStatusList></StatusAggregationMapTargetBehavior></TargetBehavior></StatusAggregationMapVersion></StatusAggregationMapVersions></StatusAggregationMap><StatusAggregationMap id="ed059aa9-e7f2-4ec2-a32c-c163a573bd96" action="noChange" core_data_overridden="false"><Name><Value locale="en">TMF641-ServiceOrderItem To TMF641-ServiceOrder Status Aggregation</Value></Name><StatusAggregationMapVersions><StatusAggregationMapVersion effective="1900-01-01T00:00:00" expiration="NONE" action="noChange"><Description><Value value="" locale="en"/></Description><SourceType value="TMF641-ServiceOrder_Service"><Name><Value locale="en">TMF641-ServiceOrder_Service</Value></Name></SourceType><TargetType value="TMF641ServiceOrderState"><Name><Value locale="en">TMF641ServiceOrderState</Value></Name></TargetType><TargetBehavior><StatusAggregationMapTargetBehavior><TargetStatus value="acknowledged"/><AggregationType value="First"><Name><Value locale="en">First</Value></Name></AggregationType><SourceStatusList><StatusAggregationMapSourceList><SourceStatus value="acknowledged"/></StatusAggregationMapSourceList></SourceStatusList></StatusAggregationMapTargetBehavior><StatusAggregationMapTargetBehavior><TargetStatus value="rejected"/><AggregationType value="First"><Name><Value locale="en">First</Value></Name></AggregationType><SourceStatusList><StatusAggregationMapSourceList><SourceStatus value="rejected"/></StatusAggregationMapSourceList></SourceStatusList></StatusAggregationMapTargetBehavior><StatusAggregationMapTargetBehavior><TargetStatus value="inProgress"/><AggregationType value="First"><Name><Value locale="en">First</Value></Name></AggregationType><SourceStatusList><StatusAggregationMapSourceList><SourceStatus value="inProgress"/></StatusAggregationMapSourceList></SourceStatusList></StatusAggregationMapTargetBehavior><StatusAggregationMapTargetBehavior><TargetStatus value="pending"/><AggregationType value="First"><Name><Value locale="en">First</Value></Name></AggregationType><SourceStatusList><StatusAggregationMapSourceList><SourceStatus value="pending"/></StatusAggregationMapSourceList></SourceStatusList></StatusAggregationMapTargetBehavior><StatusAggregationMapTargetBehavior><TargetStatus value="held"/><AggregationType value="First"><Name><Value locale="en">First</Value></Name></AggregationType><SourceStatusList><StatusAggregationMapSourceList><SourceStatus value="held"/></StatusAggregationMapSourceList></SourceStatusList></StatusAggregationMapTargetBehavior><StatusAggregationMapTargetBehavior><TargetStatus value="partial"/><AggregationType value="Partial"><Name><Value locale="en">Partial</Value></Name></AggregationType><SourceStatusList><StatusAggregationMapSourceList><SourceStatus value="failed"/></StatusAggregationMapSourceList><StatusAggregationMapSourceList><SourceStatus value="completed"/></StatusAggregationMapSourceList><StatusAggregationMapSourceList><SourceStatus value="cancelled"/></StatusAggregationMapSourceList></SourceStatusList></StatusAggregationMapTargetBehavior><StatusAggregationMapTargetBehavior><TargetStatus value="failed"/><AggregationType value="Last"><Name><Value locale="en">Last</Value></Name></AggregationType><SourceStatusList><StatusAggregationMapSourceList><SourceStatus value="failed"/></StatusAggregationMapSourceList></SourceStatusList></StatusAggregationMapTargetBehavior><StatusAggregationMapTargetBehavior><TargetStatus value="assessingCancellation"/><AggregationType value="Last"><Name><Value locale="en">Last</Value></Name></AggregationType><SourceStatusList><StatusAggregationMapSourceList><SourceStatus value="assessingCancellation"/></StatusAggregationMapSourceList></SourceStatusList></StatusAggregationMapTargetBehavior><StatusAggregationMapTargetBehavior><TargetStatus value="pendingCancellation"/><AggregationType value="Last"><Name><Value locale="en">Last</Value></Name></AggregationType><SourceStatusList><StatusAggregationMapSourceList><SourceStatus value="pendingCancellation"/></StatusAggregationMapSourceList></SourceStatusList></StatusAggregationMapTargetBehavior><StatusAggregationMapTargetBehavior><TargetStatus value="cancelled"/><AggregationType value="Last"><Name><Value locale="en">Last</Value></Name></AggregationType><SourceStatusList><StatusAggregationMapSourceList><SourceStatus value="cancelled"/></StatusAggregationMapSourceList></SourceStatusList></StatusAggregationMapTargetBehavior><StatusAggregationMapTargetBehavior><TargetStatus value="completed"/><AggregationType value="Last"><Name><Value locale="en">Last</Value></Name></AggregationType><SourceStatusList><StatusAggregationMapSourceList><SourceStatus value="completed"/></StatusAggregationMapSourceList></SourceStatusList></StatusAggregationMapTargetBehavior></TargetBehavior></StatusAggregationMapVersion></StatusAggregationMapVersions></StatusAggregationMap></StatusAggregationMapList>