<?xml version="1.0" encoding="UTF-8" standalone="yes"?><ProjectMilestonesList><Id>2a021f08-2edd-4b78-8c15-11d94d8113b9</Id><ProjectMilestones id="72c63ac96c6c4555a577f79e58a4286b" action="noChange" core_data_overridden="false"><Name><Value locale="en">Wait for Provisioning is In Progress</Value><Value locale="pt_BR">Wait for Provisioning is In Progress</Value><Value locale="es">Wait for Provisioning is In Progress</Value></Name><ProjectMilestonesVersions><ProjectMilestonesVersion effective="2020-11-12T07:24:07" expiration="2021-02-06T08:00:57" versionId="1" action="noChange"><Description><Value value="Associated with - Wait for Provisioning activity" locale="en"/></Description><MilestoneType value="Driving"/><EscalationList/><Code value="Wait_for_Provisioning_is_In_Progress"/><Role value="Regular"/><ExternalReference/><DueDateIndicator value="false"/><Offset value="1440" unit="3" unit_value="1"><Name><Value locale="en">Day</Value><Value locale="pt_BR">Day</Value><Value locale="es">Day</Value></Name></Offset><OffsetText value="Before" index="9200000"><Name><Value locale="en">Before</Value><Value locale="pt_BR">Before</Value><Value locale="es">Before</Value></Name></OffsetText><RelativeDate value="Plan Completion Date" index="9200000"><Name><Value locale="en">Plan Completion Date</Value><Value locale="pt_BR">Plan Completion Date</Value><Value locale="es">Plan Completion Date</Value></Name></RelativeDate><AdditionalProperties/></ProjectMilestonesVersion><ProjectMilestonesVersion effective="2021-02-10T19:47:49" expiration="2021-02-10T19:58:36" versionId="10" action="noChange"><Description><Value value="Associated with - Wait for Provisioning activity" locale="en"/></Description><MilestoneType value="Driving"/><EscalationList/><Code value="Wait_for_Provisioning_is_In_Progress"/><Role value="Regular"/><ExternalReference/><DueDateIndicator value="false"/><Offset value="1440" unit="3" unit_value="1"><Name><Value locale="en">Day</Value><Value locale="pt_BR">Day</Value><Value locale="es">Day</Value></Name></Offset><OffsetText value="Before" index="9200000"><Name><Value locale="en">Before</Value><Value locale="pt_BR">Before</Value><Value locale="es">Before</Value></Name></OffsetText><RelativeDate value="Plan Completion Date" index="9200000"><Name><Value locale="en">Plan Completion Date</Value><Value locale="pt_BR">Plan Completion Date</Value><Value locale="es">Plan Completion Date</Value></Name></RelativeDate><AdditionalProperties/></ProjectMilestonesVersion><ProjectMilestonesVersion effective="2021-02-10T19:58:37" expiration="2021-02-10T19:59:19" versionId="11" action="noChange"><Description><Value value="Associated with - Wait for Provisioning activity" locale="en"/></Description><MilestoneType value="Driving"/><EscalationList value="846feaa0a653407e96f2567a23d42c14"/><Code value="Wait_for_Provisioning_is_In_Progress"/><Role value="Regular"/><ExternalReference/><DueDateIndicator value="true"/><Offset unit="3" unit_value="1"><Name><Value locale="en">Day</Value></Name></Offset><OffsetText value="Before"><Name><Value locale="en">Before</Value></Name></OffsetText><RelativeDate value="Plan Completion Date"><Name><Value locale="en">Plan Completion Date</Value></Name></RelativeDate><AdditionalProperties/></ProjectMilestonesVersion><ProjectMilestonesVersion effective="2021-02-10T19:59:20" expiration="2021-02-10T20:12:12" versionId="12" action="noChange"><Description><Value value="Associated with - Wait for Provisioning activity" locale="en"/></Description><MilestoneType value="Driving"/><EscalationList/><Code value="Wait_for_Provisioning_is_In_Progress"/><Role value="Regular"/><ExternalReference/><DueDateIndicator value="false"/><Offset value="1440" unit="3" unit_value="1"><Name><Value locale="en">Day</Value><Value locale="pt_BR">Day</Value><Value locale="es">Day</Value></Name></Offset><OffsetText value="Before" index="9200000"><Name><Value locale="en">Before</Value><Value locale="pt_BR">Before</Value><Value locale="es">Before</Value></Name></OffsetText><RelativeDate value="Plan Completion Date" index="9200000"><Name><Value locale="en">Plan Completion Date</Value><Value locale="pt_BR">Plan Completion Date</Value><Value locale="es">Plan Completion Date</Value></Name></RelativeDate><AdditionalProperties/></ProjectMilestonesVersion><ProjectMilestonesVersion effective="2021-02-10T20:12:13" expiration="2021-02-10T20:27:37" versionId="13" action="noChange"><Description><Value value="Associated with - Wait for Provisioning activity" locale="en"/></Description><MilestoneType value="Driving"/><EscalationList value="846feaa0a653407e96f2567a23d42c14"/><Code value="Wait_for_Provisioning_is_In_Progress"/><Role value="Regular"/><ExternalReference/><DueDateIndicator value="false"/><Offset value="1440" unit="3" unit_value="1"><Name><Value locale="en">Day</Value><Value locale="pt_BR">Day</Value><Value locale="es">Day</Value></Name></Offset><OffsetText value="Before" index="9200000"><Name><Value locale="en">Before</Value><Value locale="pt_BR">Before</Value><Value locale="es">Before</Value></Name></OffsetText><RelativeDate value="Plan Completion Date" index="9200000"><Name><Value locale="en">Plan Completion Date</Value><Value locale="pt_BR">Plan Completion Date</Value><Value locale="es">Plan Completion Date</Value></Name></RelativeDate><AdditionalProperties/></ProjectMilestonesVersion><ProjectMilestonesVersion effective="2021-02-10T20:27:38" expiration="NONE" versionId="14" action="noChange"><Description><Value value="Associated with - Wait for Provisioning activity" locale="en"/></Description><MilestoneType value="Driving"/><EscalationList/><Code value="Wait_for_Provisioning_is_In_Progress"/><Role value="Regular"/><ExternalReference/><DueDateIndicator value="false"/><Offset value="1440" unit="3" unit_value="1"><Name><Value locale="en">Day</Value><Value locale="pt_BR">Day</Value><Value locale="es">Day</Value></Name></Offset><OffsetText value="Before" index="9200000"><Name><Value locale="en">Before</Value><Value locale="pt_BR">Before</Value><Value locale="es">Before</Value></Name></OffsetText><RelativeDate value="Plan Completion Date" index="9200000"><Name><Value locale="en">Plan Completion Date</Value><Value locale="pt_BR">Plan Completion Date</Value><Value locale="es">Plan Completion Date</Value></Name></RelativeDate><AdditionalProperties/></ProjectMilestonesVersion><ProjectMilestonesVersion effective="2021-02-06T08:00:58" expiration="2021-02-06T08:35:24" versionId="2" action="noChange"><Description><Value value="Associated with - Wait for Provisioning activity" locale="en"/></Description><MilestoneType value="Driving"/><EscalationList value="846feaa0a653407e96f2567a23d42c14"/><Code value="Wait_for_Provisioning_is_In_Progress"/><Role value="Regular"/><ExternalReference/><DueDateIndicator value="false"/><Offset value="1440" unit="3" unit_value="1"><Name><Value locale="en">Day</Value><Value locale="pt_BR">Day</Value><Value locale="es">Day</Value></Name></Offset><OffsetText value="Before" index="9200000"><Name><Value locale="en">Before</Value><Value locale="pt_BR">Before</Value><Value locale="es">Before</Value></Name></OffsetText><RelativeDate value="Plan Completion Date" index="9200000"><Name><Value locale="en">Plan Completion Date</Value><Value locale="pt_BR">Plan Completion Date</Value><Value locale="es">Plan Completion Date</Value></Name></RelativeDate><AdditionalProperties/></ProjectMilestonesVersion><ProjectMilestonesVersion effective="2021-02-06T08:35:25" expiration="2021-02-09T12:47:56" versionId="3" action="noChange"><Description><Value value="Associated with - Wait for Provisioning activity" locale="en"/></Description><MilestoneType value="Driving"/><EscalationList/><Code value="Wait_for_Provisioning_is_In_Progress"/><Role value="Regular"/><ExternalReference/><DueDateIndicator value="false"/><Offset value="1440" unit="3" unit_value="1"><Name><Value locale="en">Day</Value><Value locale="pt_BR">Day</Value><Value locale="es">Day</Value></Name></Offset><OffsetText value="Before" index="9200000"><Name><Value locale="en">Before</Value><Value locale="pt_BR">Before</Value><Value locale="es">Before</Value></Name></OffsetText><RelativeDate value="Plan Completion Date" index="9200000"><Name><Value locale="en">Plan Completion Date</Value><Value locale="pt_BR">Plan Completion Date</Value><Value locale="es">Plan Completion Date</Value></Name></RelativeDate><AdditionalProperties/></ProjectMilestonesVersion><ProjectMilestonesVersion effective="2021-02-09T12:47:57" expiration="2021-02-09T12:48:33" versionId="4" action="noChange"><Description><Value value="Associated with - Wait for Provisioning activity" locale="en"/></Description><MilestoneType value="Driving"/><EscalationList/><Code value="Wait_for_Provisioning_is_In_Progress"/><Role value="PoNR"/><ExternalReference/><DueDateIndicator value="false"/><Offset value="1440" unit="3" unit_value="1"><Name><Value locale="en">Day</Value><Value locale="pt_BR">Day</Value><Value locale="es">Day</Value></Name></Offset><OffsetText value="Before" index="9200000"><Name><Value locale="en">Before</Value><Value locale="pt_BR">Before</Value><Value locale="es">Before</Value></Name></OffsetText><RelativeDate value="Plan Completion Date" index="9200000"><Name><Value locale="en">Plan Completion Date</Value><Value locale="pt_BR">Plan Completion Date</Value><Value locale="es">Plan Completion Date</Value></Name></RelativeDate><AdditionalProperties/></ProjectMilestonesVersion><ProjectMilestonesVersion effective="2021-02-09T12:48:34" expiration="2021-02-09T14:53:28" versionId="5" action="noChange"><Description><Value value="Associated with - Wait for Provisioning activity" locale="en"/></Description><MilestoneType value="Driving"/><EscalationList/><Code value="Wait_for_Provisioning_is_In_Progress"/><Role value="Regular"/><ExternalReference/><DueDateIndicator value="false"/><Offset value="1440" unit="3" unit_value="1"><Name><Value locale="en">Day</Value><Value locale="pt_BR">Day</Value><Value locale="es">Day</Value></Name></Offset><OffsetText value="Before" index="9200000"><Name><Value locale="en">Before</Value><Value locale="pt_BR">Before</Value><Value locale="es">Before</Value></Name></OffsetText><RelativeDate value="Plan Completion Date" index="9200000"><Name><Value locale="en">Plan Completion Date</Value><Value locale="pt_BR">Plan Completion Date</Value><Value locale="es">Plan Completion Date</Value></Name></RelativeDate><AdditionalProperties/></ProjectMilestonesVersion><ProjectMilestonesVersion effective="2021-02-09T14:53:29" expiration="2021-02-09T14:54:02" versionId="6" action="noChange"><Description><Value value="Associated with - Wait for Provisioning activity" locale="en"/></Description><MilestoneType value="Driving"/><EscalationList value="846feaa0a653407e96f2567a23d42c14"/><Code value="Wait_for_Provisioning_is_In_Progress"/><Role value="Regular"/><ExternalReference/><DueDateIndicator value="true"/><Offset unit="0" unit_value="5"><Name><Value locale="en">Minute</Value></Name></Offset><OffsetText value="After"><Name><Value locale="en">After</Value></Name></OffsetText><RelativeDate value="Plan Start Date"><Name><Value locale="en">Plan Start Date</Value></Name></RelativeDate><AdditionalProperties/></ProjectMilestonesVersion><ProjectMilestonesVersion effective="2021-02-09T14:54:03" expiration="2021-02-09T15:24:20" versionId="7" action="noChange"><Description><Value value="Associated with - Wait for Provisioning activity" locale="en"/></Description><MilestoneType value="Driving"/><EscalationList/><Code value="Wait_for_Provisioning_is_In_Progress"/><Role value="Regular"/><ExternalReference/><DueDateIndicator value="false"/><Offset value="1440" unit="3" unit_value="1"><Name><Value locale="en">Day</Value><Value locale="pt_BR">Day</Value><Value locale="es">Day</Value></Name></Offset><OffsetText value="Before" index="9200000"><Name><Value locale="en">Before</Value><Value locale="pt_BR">Before</Value><Value locale="es">Before</Value></Name></OffsetText><RelativeDate value="Plan Completion Date" index="9200000"><Name><Value locale="en">Plan Completion Date</Value><Value locale="pt_BR">Plan Completion Date</Value><Value locale="es">Plan Completion Date</Value></Name></RelativeDate><AdditionalProperties/></ProjectMilestonesVersion><ProjectMilestonesVersion effective="2021-02-09T15:24:21" expiration="2021-02-10T19:47:12" versionId="8" action="noChange"><Description><Value value="Associated with - Wait for Provisioning activity" locale="en"/></Description><MilestoneType value="Driving"/><EscalationList/><Code value="Wait_for_Provisioning_is_In_Progress"/><Role value="Regular"/><ExternalReference/><DueDateIndicator value="true"/><Offset unit="0" unit_value="1"><Name><Value locale="en">Minute</Value></Name></Offset><OffsetText value="After"><Name><Value locale="en">After</Value></Name></OffsetText><RelativeDate value="Plan Start Date"><Name><Value locale="en">Plan Start Date</Value></Name></RelativeDate><AdditionalProperties/></ProjectMilestonesVersion><ProjectMilestonesVersion effective="2021-02-10T19:47:13" expiration="2021-02-10T19:47:48" versionId="9" action="noChange"><Description><Value value="Associated with - Wait for Provisioning activity" locale="en"/></Description><MilestoneType value="Driving"/><EscalationList value="846feaa0a653407e96f2567a23d42c14"/><Code value="Wait_for_Provisioning_is_In_Progress"/><Role value="Regular"/><ExternalReference/><DueDateIndicator value="true"/><Offset unit="0" unit_value="1"><Name><Value locale="en">Minute</Value></Name></Offset><OffsetText value="Before"><Name><Value locale="en">Before</Value></Name></OffsetText><RelativeDate value="Plan Completion Date"><Name><Value locale="en">Plan Completion Date</Value></Name></RelativeDate><AdditionalProperties/></ProjectMilestonesVersion></ProjectMilestonesVersions></ProjectMilestones><ProjectMilestones id="e5950edbb4d94ffd8c20ef1897bb616d" action="noChange" core_data_overridden="false"><Name><Value locale="en">ms2</Value><Value locale="pt_BR">ms2</Value><Value locale="es">ms2</Value></Name><ProjectMilestonesVersions><ProjectMilestonesVersion effective="2021-02-10T10:57:56" expiration="NONE" versionId="1" action="noChange"><Description/><MilestoneType value="Driving"/><EscalationList/><Code value="ms2"/><Role value="Regular"/><ExternalReference/><DueDateIndicator value="false"/><Offset value="1440" unit="3" unit_value="1"><Name><Value locale="en">Day</Value><Value locale="pt_BR">Day</Value><Value locale="es">Day</Value></Name></Offset><OffsetText value="Before" index="9200000"><Name><Value locale="en">Before</Value><Value locale="pt_BR">Before</Value><Value locale="es">Before</Value></Name></OffsetText><RelativeDate value="Plan Completion Date" index="9200000"><Name><Value locale="en">Plan Completion Date</Value><Value locale="pt_BR">Plan Completion Date</Value><Value locale="es">Plan Completion Date</Value></Name></RelativeDate><AdditionalProperties/></ProjectMilestonesVersion></ProjectMilestonesVersions></ProjectMilestones></ProjectMilestonesList>