<?xml version="1.0" encoding="UTF-8" standalone="yes"?><EscalationList><Id>a7333452-8f13-43fc-9ef2-5d2c6ab57753</Id><Escalation id="Delay_in_Provisioning_3" action="noChange" core_data_overridden="false"><Name><Value locale="en">Delay_in_Provisioning_3</Value><Value locale="pt_BR">Delay_in_Provisioning_3</Value><Value locale="es">Delay_in_Provisioning_3</Value></Name><EscalationVersions><EscalationVersion effective="2020-12-21T09:48:26" expiration="2020-12-23T06:00:45" versionId="1" action="noChange"><Description><Value value="" locale="en"/></Description><Action><ElementId value="39df15e352f042e691925f4a368c4407"/></Action><AdditionalProperties/></EscalationVersion><EscalationVersion effective="2020-12-23T09:23:40" expiration="2020-12-23T13:55:16" versionId="2" action="noChange"><Description><Value value="" locale="en"/></Description><Action><ElementId value="39df15e352f042e691925f4a368c4407"/></Action><AdditionalProperties/></EscalationVersion><EscalationVersion effective="2020-12-23T14:00:47" expiration="2020-12-28T07:27:52" versionId="3" action="noChange"><Description><Value value="" locale="en"/></Description><Action><ElementId value="39df15e352f042e691925f4a368c4407"/></Action><AdditionalProperties/></EscalationVersion><EscalationVersion effective="2020-12-28T07:27:53" expiration="2020-12-28T07:39:18" versionId="4" action="noChange"><Description><Value value="" locale="en"/></Description><Action><ElementId value="39df15e352f042e691925f4a368c4407"/></Action><AdditionalProperties/></EscalationVersion><EscalationVersion effective="2020-12-28T07:39:19" expiration="2020-12-28T12:26:59" versionId="5" action="noChange"><Description><Value value="" locale="en"/></Description><Action><ElementId value="39df15e352f042e691925f4a368c4407"/></Action><AdditionalProperties/></EscalationVersion><EscalationVersion effective="2020-12-28T12:27:00" expiration="2020-12-28T12:28:47" versionId="6" action="noChange"><Description><Value value="" locale="en"/></Description><Action><ElementId value="39df15e352f042e691925f4a368c4407"/></Action><AdditionalProperties/></EscalationVersion><EscalationVersion effective="2020-12-28T12:28:48" expiration="2020-12-30T06:47:46" versionId="7" action="noChange"><Description><Value value="" locale="en"/></Description><Action><ElementId value="39df15e352f042e691925f4a368c4407"/></Action><AdditionalProperties/></EscalationVersion><EscalationVersion effective="2020-12-30T06:47:47" expiration="2020-12-30T06:50:05" versionId="8" action="noChange"><Description><Value value="" locale="en"/></Description><Action><ElementId value="39df15e352f042e691925f4a368c4407"/></Action><AdditionalProperties/></EscalationVersion><EscalationVersion effective="2020-12-30T06:50:06" expiration="2021-01-05T08:07:25" versionId="9" action="noChange"><Description><Value value="" locale="en"/></Description><Action><ElementId value="39df15e352f042e691925f4a368c4407"/></Action><AdditionalProperties/></EscalationVersion><EscalationVersion effective="2021-01-05T08:07:26" expiration="2021-01-05T08:13:51" versionId="10" action="noChange"><Description><Value value="" locale="en"/></Description><Action><ElementId value="39df15e352f042e691925f4a368c4407"/></Action><AdditionalProperties/></EscalationVersion><EscalationVersion effective="2021-01-05T08:13:52" expiration="2021-02-01T15:32:51" versionId="11" action="noChange"><Description><Value value="" locale="en"/></Description><Action><ElementId value="39df15e352f042e691925f4a368c4407"/></Action><AdditionalProperties/></EscalationVersion><EscalationVersion effective="2021-02-01T15:32:52" expiration="2021-02-01T15:43:06" versionId="12" action="noChange"><Description><Value value="" locale="en"/></Description><Action><ElementId value="39df15e352f042e691925f4a368c4407"/></Action><AdditionalProperties/></EscalationVersion><EscalationVersion effective="2021-02-01T15:43:07" expiration="2021-02-02T12:54:06" versionId="13" action="noChange"><Description><Value value="" locale="en"/></Description><Action><ElementId value="39df15e352f042e691925f4a368c4407"/></Action><AdditionalProperties/></EscalationVersion><EscalationVersion effective="2021-02-02T12:54:07" expiration="2021-02-02T13:06:45" versionId="14" action="noChange"><Description><Value value="" locale="en"/></Description><Action><ElementId value="39df15e352f042e691925f4a368c4407"/></Action><AdditionalProperties/></EscalationVersion><EscalationVersion effective="2021-02-02T13:06:46" expiration="2021-02-03T09:54:53" versionId="15" action="noChange"><Description><Value value="" locale="en"/></Description><Action><ElementId value="39df15e352f042e691925f4a368c4407"/></Action><AdditionalProperties/></EscalationVersion><EscalationVersion effective="2021-02-03T09:54:54" expiration="2021-02-03T10:11:58" versionId="16" action="noChange"><Description><Value value="" locale="en"/></Description><Action><ElementId value="39df15e352f042e691925f4a368c4407"/></Action><AdditionalProperties/></EscalationVersion><EscalationVersion effective="2021-02-03T10:11:59" expiration="2021-02-16T07:53:41" versionId="17" action="noChange"><Description><Value value="" locale="en"/></Description><Action><ElementId value="39df15e352f042e691925f4a368c4407"/></Action><AdditionalProperties/></EscalationVersion><EscalationVersion effective="2021-02-16T07:53:42" expiration="2021-02-16T08:15:14" versionId="18" action="noChange"><Description><Value value="" locale="en"/></Description><Action><ElementId value="39df15e352f042e691925f4a368c4407"/></Action><AdditionalProperties/></EscalationVersion><EscalationVersion effective="2021-02-16T08:15:15" expiration="NONE" versionId="19" action="noChange"><Description><Value value="" locale="en"/></Description><Action><ElementId value="39df15e352f042e691925f4a368c4407"/></Action><AdditionalProperties/></EscalationVersion></EscalationVersions></Escalation><Escalation id="Delay_in_Provisioning_2" action="noChange" core_data_overridden="false"><Name><Value locale="en">Delay_in_Provisioning_2</Value><Value locale="pt_BR">Delay_in_Provisioning_2</Value><Value locale="es">Delay_in_Provisioning_2</Value></Name><EscalationVersions><EscalationVersion effective="2020-12-16T07:14:53" expiration="2020-12-17T07:00:05" versionId="1" action="noChange"><Description><Value value="" locale="en"/></Description><Action><ElementId value="541c88771287422a9a1d6feb107e081b"/></Action><AdditionalProperties/></EscalationVersion><EscalationVersion effective="2020-12-23T06:00:46" expiration="2020-12-23T09:23:39" versionId="2" action="noChange"><Description><Value value="" locale="en"/></Description><Action><ElementId value="39df15e352f042e691925f4a368c4407"/></Action><AdditionalProperties/></EscalationVersion><EscalationVersion effective="2020-12-23T13:55:17" expiration="2020-12-23T14:00:46" versionId="3" action="noChange"><Description><Value value="" locale="en"/></Description><Action><ElementId value="39df15e352f042e691925f4a368c4407"/></Action><AdditionalProperties/></EscalationVersion></EscalationVersions></Escalation><Escalation id="Delay_in_Provisioning_1" action="noChange" core_data_overridden="false"><Name><Value locale="en">Delay_in_Provisioning_1</Value><Value locale="pt_BR">Delay_in_Provisioning_1</Value><Value locale="es">Delay_in_Provisioning_1</Value></Name><EscalationVersions><EscalationVersion effective="2020-12-16T07:14:53" expiration="2020-12-17T07:00:05" versionId="1" action="noChange"><Description><Value value="" locale="en"/></Description><Action><ElementId value="541c88771287422a9a1d6feb107e081b"/></Action><AdditionalProperties/></EscalationVersion></EscalationVersions></Escalation><Escalation id="Delay_in_Error_Handling_1" action="noChange" core_data_overridden="false"><Name><Value locale="en">Delay_in_Error_Handling_1</Value><Value locale="pt_BR">Delay_in_Error_Handling_1</Value><Value locale="es">Delay_in_Error_Handling_1</Value></Name><EscalationVersions><EscalationVersion effective="2020-12-29T09:13:06" expiration="2020-12-29T09:14:00" versionId="1" action="noChange"><Description><Value value="" locale="en"/></Description><Action><ElementId value="8b18d46e04df4081aaa229ca0841a271"/></Action><AdditionalProperties/></EscalationVersion></EscalationVersions></Escalation><Escalation id="Delay_in_Error_Handling_2" action="noChange" core_data_overridden="false"><Name><Value locale="en">Delay_in_Error_Handling_2</Value><Value locale="pt_BR">Delay_in_Error_Handling_2</Value><Value locale="es">Delay_in_Error_Handling_2</Value></Name><EscalationVersions><EscalationVersion effective="2020-12-17T11:45:03" expiration="2020-12-21T09:08:03" versionId="1" action="noChange"><Description><Value value="" locale="en"/></Description><Action><ElementId value="ca85d5bae23f4536903280802ee719a2"/></Action><AdditionalProperties/></EscalationVersion><EscalationVersion effective="2020-12-21T09:08:04" expiration="2020-12-21T09:35:32" versionId="2" action="noChange"><Description><Value value="" locale="en"/></Description><Action><ElementId value="8b18d46e04df4081aaa229ca0841a271"/></Action><AdditionalProperties/></EscalationVersion></EscalationVersions></Escalation><Escalation id="Delay_in_Error_Handling_3" action="noChange" core_data_overridden="false"><Name><Value locale="en">Delay_in_Error_Handling_3</Value><Value locale="pt_BR">Delay_in_Error_Handling_3</Value><Value locale="es">Delay_in_Error_Handling_3</Value></Name><EscalationVersions><EscalationVersion effective="2020-12-23T14:00:36" expiration="2020-12-28T07:28:24" versionId="1" action="noChange"><Description><Value value="" locale="en"/></Description><Action><ElementId value="8b18d46e04df4081aaa229ca0841a271"/></Action><AdditionalProperties/></EscalationVersion><EscalationVersion effective="2020-12-28T07:28:25" expiration="2020-12-28T07:39:29" versionId="2" action="noChange"><Description><Value value="" locale="en"/></Description><Action><ElementId value="8b18d46e04df4081aaa229ca0841a271"/></Action><AdditionalProperties/></EscalationVersion><EscalationVersion effective="2020-12-28T07:39:30" expiration="2020-12-28T12:26:43" versionId="3" action="noChange"><Description><Value value="" locale="en"/></Description><Action><ElementId value="8b18d46e04df4081aaa229ca0841a271"/></Action><AdditionalProperties/></EscalationVersion><EscalationVersion effective="2020-12-28T12:26:44" expiration="2020-12-28T12:28:29" versionId="4" action="noChange"><Description><Value value="" locale="en"/></Description><Action><ElementId value="8b18d46e04df4081aaa229ca0841a271"/></Action><AdditionalProperties/></EscalationVersion><EscalationVersion effective="2020-12-28T12:28:30" expiration="2020-12-29T09:13:05" versionId="5" action="noChange"><Description><Value value="" locale="en"/></Description><Action><ElementId value="8b18d46e04df4081aaa229ca0841a271"/></Action><AdditionalProperties/></EscalationVersion><EscalationVersion effective="2020-12-29T09:14:01" expiration="2020-12-30T06:46:22" versionId="6" action="noChange"><Description><Value value="" locale="en"/></Description><Action><ElementId value="8b18d46e04df4081aaa229ca0841a271"/></Action><AdditionalProperties/></EscalationVersion><EscalationVersion effective="2020-12-30T06:46:23" expiration="2020-12-30T06:49:53" versionId="7" action="noChange"><Description><Value value="" locale="en"/></Description><Action><ElementId value="8b18d46e04df4081aaa229ca0841a271"/></Action><AdditionalProperties/></EscalationVersion><EscalationVersion effective="2020-12-30T06:49:54" expiration="2020-12-30T08:33:57" versionId="8" action="noChange"><Description><Value value="" locale="en"/></Description><Action><ElementId value="8b18d46e04df4081aaa229ca0841a271"/></Action><AdditionalProperties/></EscalationVersion><EscalationVersion effective="2020-12-30T08:33:58" expiration="2020-12-30T08:36:16" versionId="9" action="noChange"><Description><Value value="" locale="en"/></Description><Action><ElementId value="8b18d46e04df4081aaa229ca0841a271"/></Action><AdditionalProperties/></EscalationVersion><EscalationVersion effective="2020-12-30T08:36:17" expiration="2021-01-05T08:07:14" versionId="10" action="noChange"><Description><Value value="" locale="en"/></Description><Action><ElementId value="8b18d46e04df4081aaa229ca0841a271"/></Action><AdditionalProperties/></EscalationVersion><EscalationVersion effective="2021-01-05T08:07:15" expiration="2021-01-05T08:13:39" versionId="11" action="noChange"><Description><Value value="" locale="en"/></Description><Action><ElementId value="8b18d46e04df4081aaa229ca0841a271"/></Action><AdditionalProperties/></EscalationVersion><EscalationVersion effective="2021-01-05T08:13:40" expiration="2021-02-02T12:53:54" versionId="12" action="noChange"><Description><Value value="" locale="en"/></Description><Action><ElementId value="8b18d46e04df4081aaa229ca0841a271"/></Action><AdditionalProperties/></EscalationVersion><EscalationVersion effective="2021-02-02T12:53:55" expiration="2021-02-02T13:06:35" versionId="13" action="noChange"><Description><Value value="" locale="en"/></Description><Action><ElementId value="8b18d46e04df4081aaa229ca0841a271"/></Action><AdditionalProperties/></EscalationVersion><EscalationVersion effective="2021-02-02T13:06:36" expiration="2021-02-03T09:54:45" versionId="14" action="noChange"><Description><Value value="" locale="en"/></Description><Action><ElementId value="8b18d46e04df4081aaa229ca0841a271"/></Action><AdditionalProperties/></EscalationVersion><EscalationVersion effective="2021-02-03T09:54:46" expiration="2021-02-03T10:11:44" versionId="15" action="noChange"><Description><Value value="" locale="en"/></Description><Action><ElementId value="8b18d46e04df4081aaa229ca0841a271"/></Action><AdditionalProperties/></EscalationVersion><EscalationVersion effective="2021-02-03T10:11:45" expiration="2021-02-16T07:53:27" versionId="16" action="noChange"><Description><Value value="" locale="en"/></Description><Action><ElementId value="8b18d46e04df4081aaa229ca0841a271"/></Action><AdditionalProperties/></EscalationVersion><EscalationVersion effective="2021-02-16T07:53:28" expiration="2021-02-16T08:15:06" versionId="17" action="noChange"><Description><Value value="" locale="en"/></Description><Action><ElementId value="8b18d46e04df4081aaa229ca0841a271"/></Action><AdditionalProperties/></EscalationVersion><EscalationVersion effective="2021-02-16T08:15:07" expiration="NONE" versionId="18" action="noChange"><Description><Value value="" locale="en"/></Description><Action><ElementId value="8b18d46e04df4081aaa229ca0841a271"/></Action><AdditionalProperties/></EscalationVersion><EscalationVersion effective="2020-12-21T09:35:33" expiration="2020-12-23T13:54:31" versionId="19" action="noChange"><Description><Value value="" locale="en"/></Description><Action><ElementId value="8b18d46e04df4081aaa229ca0841a271"/></Action><AdditionalProperties/></EscalationVersion><EscalationVersion effective="2020-12-23T13:54:32" expiration="2020-12-23T14:00:35" versionId="20" action="noChange"><Description><Value value="" locale="en"/></Description><Action><ElementId value="8b18d46e04df4081aaa229ca0841a271"/></Action><AdditionalProperties/></EscalationVersion></EscalationVersions></Escalation><Escalation id="Wait_for_Provisioning_Error_1" action="noChange" core_data_overridden="false"><Name><Value locale="en">Wait_for_Provisioning_Error_1</Value><Value locale="pt_BR">Wait_for_Provisioning_Error_1</Value><Value locale="es">Wait_for_Provisioning_Error_1</Value></Name><EscalationVersions><EscalationVersion effective="2020-12-28T12:27:16" expiration="2020-12-28T12:28:55" versionId="1" action="noChange"><Description><Value value="" locale="en"/></Description><Action><ElementId value="8b18d46e04df4081aaa229ca0841a271"/></Action><AdditionalProperties/></EscalationVersion><EscalationVersion effective="2020-12-28T12:28:56" expiration="2020-12-30T06:47:56" versionId="2" action="noChange"><Description><Value value="" locale="en"/></Description><Action><ElementId value="8b18d46e04df4081aaa229ca0841a271"/></Action><AdditionalProperties/></EscalationVersion><EscalationVersion effective="2020-12-30T06:47:57" expiration="2020-12-30T06:50:13" versionId="3" action="noChange"><Description><Value value="" locale="en"/></Description><Action><ElementId value="8b18d46e04df4081aaa229ca0841a271"/></Action><AdditionalProperties/></EscalationVersion><EscalationVersion effective="2020-12-30T06:50:14" expiration="2021-01-05T08:07:34" versionId="4" action="noChange"><Description><Value value="" locale="en"/></Description><Action><ElementId value="8b18d46e04df4081aaa229ca0841a271"/></Action><AdditionalProperties/></EscalationVersion><EscalationVersion effective="2021-01-05T08:07:35" expiration="2021-01-05T08:14:03" versionId="5" action="noChange"><Description><Value value="" locale="en"/></Description><Action><ElementId value="8b18d46e04df4081aaa229ca0841a271"/></Action><AdditionalProperties/></EscalationVersion><EscalationVersion effective="2021-01-05T08:14:04" expiration="2021-02-01T15:32:39" versionId="6" action="noChange"><Description><Value value="" locale="en"/></Description><Action><ElementId value="8b18d46e04df4081aaa229ca0841a271"/></Action><AdditionalProperties/></EscalationVersion><EscalationVersion effective="2021-02-01T15:32:40" expiration="2021-02-01T15:42:54" versionId="7" action="noChange"><Description><Value value="" locale="en"/></Description><Action><ElementId value="8b18d46e04df4081aaa229ca0841a271"/></Action><AdditionalProperties/></EscalationVersion><EscalationVersion effective="2021-02-01T15:42:55" expiration="2021-02-02T12:54:15" versionId="8" action="noChange"><Description><Value value="" locale="en"/></Description><Action><ElementId value="8b18d46e04df4081aaa229ca0841a271"/></Action><AdditionalProperties/></EscalationVersion><EscalationVersion effective="2021-02-02T12:54:16" expiration="2021-02-02T13:06:56" versionId="9" action="noChange"><Description><Value value="" locale="en"/></Description><Action><ElementId value="8b18d46e04df4081aaa229ca0841a271"/></Action><AdditionalProperties/></EscalationVersion><EscalationVersion effective="2021-02-02T13:06:57" expiration="2021-02-03T09:55:01" versionId="10" action="noChange"><Description><Value value="" locale="en"/></Description><Action><ElementId value="8b18d46e04df4081aaa229ca0841a271"/></Action><AdditionalProperties/></EscalationVersion><EscalationVersion effective="2020-12-21T11:13:49" expiration="2020-12-21T17:21:42" versionId="11" action="noChange"><Description><Value value="" locale="en"/></Description><Action><ElementId value="8b18d46e04df4081aaa229ca0841a271"/></Action><AdditionalProperties/></EscalationVersion><EscalationVersion effective="2021-02-03T09:55:02" expiration="2021-02-03T10:12:11" versionId="12" action="noChange"><Description><Value value="" locale="en"/></Description><Action><ElementId value="8b18d46e04df4081aaa229ca0841a271"/></Action><AdditionalProperties/></EscalationVersion><EscalationVersion effective="2021-02-03T10:12:12" expiration="2021-02-16T07:53:50" versionId="13" action="noChange"><Description><Value value="" locale="en"/></Description><Action><ElementId value="8b18d46e04df4081aaa229ca0841a271"/></Action><AdditionalProperties/></EscalationVersion><EscalationVersion effective="2021-02-16T07:53:51" expiration="2021-02-16T08:15:22" versionId="14" action="noChange"><Description><Value value="" locale="en"/></Description><Action><ElementId value="8b18d46e04df4081aaa229ca0841a271"/></Action><AdditionalProperties/></EscalationVersion><EscalationVersion effective="2021-02-16T08:15:23" expiration="NONE" versionId="15" action="noChange"><Description><Value value="" locale="en"/></Description><Action><ElementId value="8b18d46e04df4081aaa229ca0841a271"/></Action><AdditionalProperties/></EscalationVersion><EscalationVersion effective="2020-12-21T17:21:43" expiration="2020-12-23T09:25:27" versionId="16" action="noChange"><Description><Value value="" locale="en"/></Description><Action><ElementId value="8b18d46e04df4081aaa229ca0841a271"/></Action><AdditionalProperties/></EscalationVersion><EscalationVersion effective="2020-12-23T09:25:28" expiration="2020-12-23T12:29:33" versionId="17" action="noChange"><Description><Value value="" locale="en"/></Description><Action><ElementId value="8b18d46e04df4081aaa229ca0841a271"/></Action><AdditionalProperties/></EscalationVersion><EscalationVersion effective="2020-12-23T12:29:34" expiration="2020-12-23T13:55:36" versionId="18" action="noChange"><Description><Value value="" locale="en"/></Description><Action><ElementId value="8b18d46e04df4081aaa229ca0841a271"/></Action><AdditionalProperties/></EscalationVersion><EscalationVersion effective="2020-12-23T13:55:37" expiration="2020-12-23T14:00:55" versionId="19" action="noChange"><Description><Value value="" locale="en"/></Description><Action><ElementId value="8b18d46e04df4081aaa229ca0841a271"/></Action><AdditionalProperties/></EscalationVersion><EscalationVersion effective="2020-12-23T14:00:56" expiration="2020-12-28T07:28:56" versionId="20" action="noChange"><Description><Value value="" locale="en"/></Description><Action><ElementId value="8b18d46e04df4081aaa229ca0841a271"/></Action><AdditionalProperties/></EscalationVersion><EscalationVersion effective="2020-12-28T07:28:57" expiration="2020-12-28T07:39:56" versionId="21" action="noChange"><Description><Value value="" locale="en"/></Description><Action><ElementId value="8b18d46e04df4081aaa229ca0841a271"/></Action><AdditionalProperties/></EscalationVersion><EscalationVersion effective="2020-12-28T07:39:57" expiration="2020-12-28T12:27:15" versionId="22" action="noChange"><Description><Value value="" locale="en"/></Description><Action><ElementId value="8b18d46e04df4081aaa229ca0841a271"/></Action><AdditionalProperties/></EscalationVersion></EscalationVersions></Escalation></EscalationList>