<?xml version="1.0" encoding="UTF-8" standalone="yes"?><ProjectActionList><Id>032a7c3f-4dea-4fee-b33a-7632f9ca1497</Id><ProjectAction id="ca85d5bae23f4536903280802ee719a2" action="noChange" core_data_overridden="false"><Name><Value locale="en">UpdateOrder</Value><Value locale="pt_BR">UpdateOrder</Value><Value locale="es">UpdateOrder</Value></Name><ProjectActionVersions><ProjectActionVersion effective="2020-12-17T11:42:19" expiration="NONE" versionId="1" action="noChange"><Description><Value value="UpdateOrder" locale="en"/></Description><Definition value="de4e9512353645988ba2b4e08dfc4bbc"/><Parameters><ProjectActionParameter><ParameterName value="Update_Order_Action_Impl"/><Source value="Static"/><ParameterValue value="Delay"/><IsMandatory value="false"/></ProjectActionParameter></Parameters><AdditionalProperties/></ProjectActionVersion></ProjectActionVersions></ProjectAction><ProjectAction id="541c88771287422a9a1d6feb107e081b" action="noChange" core_data_overridden="false"><Name><Value locale="en">long name action3</Value><Value locale="pt_BR">long name action3</Value><Value locale="es">long name action3</Value></Name><ProjectActionVersions><ProjectActionVersion effective="2020-12-16T07:11:16" expiration="NONE" versionId="1" action="noChange"><Description><Value value="action3" locale="en"/></Description><Definition value="0ed20415623741d9b198742fa08a37c3"/><Parameters><ProjectActionParameter><ParameterName value="ActivityImplementation"/><Source value="Static"/><ParameterValue value="value 1"/><IsMandatory value="false"/></ProjectActionParameter></Parameters><AdditionalProperties/></ProjectActionVersion></ProjectActionVersions></ProjectAction><ProjectAction id="8b18d46e04df4081aaa229ca0841a271" action="noChange" core_data_overridden="false"><Name><Value locale="en">EscalationUpdateOrderAction</Value><Value locale="pt_BR">EscalationUpdateOrderAction</Value><Value locale="es">EscalationUpdateOrderAction</Value></Name><ProjectActionVersions><ProjectActionVersion effective="2020-12-20T08:05:33" expiration="NONE" versionId="1" action="noChange"><Description><Value value="EscalationUpdateOrderAction" locale="en"/></Description><Definition value="d2687ddf4b9a441ba818d6431cf4397e"/><Parameters/><AdditionalProperties/></ProjectActionVersion></ProjectActionVersions></ProjectAction><ProjectAction id="39df15e352f042e691925f4a368c4407" action="noChange" core_data_overridden="false"><Name><Value locale="en">EscalationReportErrorAction</Value><Value locale="pt_BR">EscalationReportErrorAction</Value><Value locale="es">EscalationReportErrorAction</Value></Name><ProjectActionVersions><ProjectActionVersion effective="2020-12-21T09:47:45" expiration="NONE" versionId="1" action="noChange"><Description><Value value="EscalationReportErrorAction" locale="en"/></Description><Definition value="02b20f643b0e461d894a0e82099076b9"/><Parameters/><AdditionalProperties/></ProjectActionVersion></ProjectActionVersions></ProjectAction></ProjectActionList>