<?xml version="1.0" encoding="UTF-8" standalone="yes"?><CustomerFacingServiceSpecAtomicList><CustomerFacingServiceSpecAtomic id="589ab4ab-e18e-4c19-9fa0-8359cf7a75c7" action="noChange" core_data_overridden="false"><Name><Value locale="en">c_SIM</Value></Name><CustomerFacingServiceSpecAtomicVersions><CustomerFacingServiceSpecAtomicVersion effective="1900-01-01T00:00:00" expiration="NONE" versionId="1" action="noChange"><ID value="55779952"/><Description><Value value="c_SIM" locale="en"/></Description><ServiceInventoryMetadata/><Family value=""><Name><Value locale="en">All</Value></Name></Family><Line value="All"/><Attachment/><ServiceRules/><IsSameCustomer value="false"/><IsSameAddress value="false"/><IsSameProduct value="false"/><SameAttribute/><AlwaysCreateNewInstance value="false"/><ServiceDomain><Name><Value locale="en">All</Value></Name></ServiceDomain><ActionProcessOverride/><ActionContractOverride/><ActionParcelableCapabilityRelation/><ActionFulfillmentTime/><Attribute><ElementId value="345971f8-430f-4f0e-9310-bf7112c364d0"><Name><Value locale="en">ICCID</Value></Name></ElementId><ElementId value="0927fb59-831e-4a2d-9561-cd392be727c3"><Name><Value locale="en">Card_Type</Value></Name></ElementId><ElementId value="1cc6dd75-dce0-44fe-9bba-4f49c05aac91"><Name><Value locale="en">MSISDN</Value></Name></ElementId><ElementId value="9915c983-3d9b-4824-bfdc-2dcf36252f97"><Name><Value locale="en">Encryption_Key</Value></Name></ElementId><ElementId value="d2c8130b-95f5-4145-a388-fb6a21c5617d"><Name><Value locale="en">Algorithm_ID</Value></Name></ElementId><ElementId value="69740b57-31be-427b-8049-b560aaf1a42f"><Name><Value locale="en">SIM_Type</Value></Name></ElementId><ElementId value="ce0b2b1a-673a-4365-83c3-004fcb54e893"><Name><Value locale="en">Capacity</Value></Name></ElementId><ElementId value="07123a76-be0e-428c-b739-50a8c7dc6f36"><Name><Value locale="en">IMSI</Value></Name></ElementId><ElementId value="ccf86013-c545-4277-983b-1e8fa670df69"><Name><Value locale="en">Transport_Key_Number</Value></Name></ElementId><ElementId value="7a5c9381-3153-4e01-9391-869cb2a6b852"><Name><Value locale="en">ALGORITHM_ID</Value></Name></ElementId><ElementId value="1f64485c-c8cd-43f4-b909-343a76af1784"><Name><Value locale="en">Delivery_Method</Value></Name></ElementId></Attribute><AttributeGroup/><AttributeRefinement/><Name/><EvaluatePriorityRules value="false"/><SendToSIMS value="true"/><Code value="c_SIM"/><AttributeRefine/><DistributionClientApplication/><ServiceType value="CFS" index="0"><Name><Value locale="en">CFS</Value><Value locale="pt_BR">CFS</Value><Value locale="es">CFS</Value></Name></ServiceType><AllowedCustomerFacingServiceRelation/><AllowedResourceFacingServiceRelation/><FulfillmentJobList/><ServiceMilestoneViewId/><UniqueIdentifier/><IsExternal value="false"/><TargetSystem/><ChangePlanParticipant value="false"/><MoveActivityAttribute/><NoCeasingServiceDuringMove value="false"/><Category/><Properties/><MoveRuleCriteria/><AdditionalProperties><AdditionalProperties><ParameterName value="versionNumber"/><ParameterValue value="2.0"/></AdditionalProperties><AdditionalProperties><ParameterName value="versionUUID"/><ParameterValue value="f6518d4b-4968-4ac7-8cb0-9db8cfd2fc8e"/></AdditionalProperties></AdditionalProperties></CustomerFacingServiceSpecAtomicVersion></CustomerFacingServiceSpecAtomicVersions></CustomerFacingServiceSpecAtomic><CustomerFacingServiceSpecAtomic id="09aca5fa-2a14-484e-a217-922aca97e8f8" action="noChange" core_data_overridden="false"><Name><Value locale="en">c_Mobile</Value></Name><CustomerFacingServiceSpecAtomicVersions><CustomerFacingServiceSpecAtomicVersion effective="1900-01-01T00:00:00" expiration="NONE" versionId="1" action="noChange"><ID value="877426768"/><Description><Value value="c_Mobile" locale="en"/></Description><ServiceInventoryMetadata/><Family value=""><Name><Value locale="en">All</Value></Name></Family><Line value="All"/><Attachment/><ServiceRules/><IsSameCustomer value="false"/><IsSameAddress value="false"/><IsSameProduct value="false"/><SameAttribute><ElementId value="1cc6dd75-dce0-44fe-9bba-4f49c05aac91"><Name><Value locale="en">MSISDN</Value></Name></ElementId></SameAttribute><AlwaysCreateNewInstance value="false"/><ServiceDomain><Name><Value locale="en">All</Value></Name></ServiceDomain><ActionProcessOverride/><ActionContractOverride/><ActionParcelableCapabilityRelation/><ActionFulfillmentTime/><Attribute><ElementId value="67fe1795-eff7-4b1b-a367-e442990aaa78"><Name><Value locale="en">BARRING_IN_CALLS</Value></Name></ElementId><ElementId value="1cc6dd75-dce0-44fe-9bba-4f49c05aac91"><Name><Value locale="en">MSISDN</Value></Name></ElementId><ElementId value="fd0d8ec0-c761-44d5-81f6-fa1e952c7930"><Name><Value locale="en">NATIONAL_DEST_LOCAL_CODE</Value></Name></ElementId><ElementId value="5e4ca60f-1ead-4756-9522-923dd6c14962"><Name><Value locale="en">Mobile_Offer_Name</Value></Name></ElementId><ElementId value="69b61fb7-b1f0-41a0-b829-58446521577f"><Name><Value locale="en">Barring_Notification</Value></Name></ElementId><ElementId value="c49e107b-bc77-461d-a3e5-84954d24583a"><Name><Value locale="en">Payment_Type</Value></Name></ElementId><ElementId value="Line_Barring_Indicator"><Name><Value locale="en">Line_Barring_Indicator</Value></Name></ElementId><ElementId value="22f6ac2b-0fa2-402f-b0eb-a28471bf2d88"><Name><Value locale="en">SUP_OFFERING_ID</Value></Name></ElementId><ElementId value="1052a6ff-ec5c-4e02-a094-c125a8a5d1af"><Name><Value locale="en">Technology</Value></Name></ElementId><ElementId value="64495dd0-44f7-4098-a127-2ccc1cdab803"><Name><Value locale="en">BARRING_OP_GPRS</Value></Name></ElementId><ElementId value="da3076b5-5cae-4bcb-bd86-2b8b8c1b9069"><Name><Value locale="en">BARRING_OUT_CALLS</Value></Name></ElementId><ElementId value="63177c56-ddcb-4154-83e4-e3fa84129465"><Name><Value locale="en">SUB_RELATE_ROUTE</Value></Name></ElementId><ElementId value="c97f2548-36a8-483f-9196-5610a981c3c5"><Name><Value locale="en">TARIFF_OPTION_ID</Value></Name></ElementId><ElementId value="37f2c2a8-1d5b-478c-9625-72732e13d05c"><Name><Value locale="en">TS_CODE</Value></Name></ElementId><ElementId value="c76cda50-c454-46f5-a2df-483f6a0b1056"><Name><Value locale="en">Plan_Type</Value></Name></ElementId><ElementId value="ba854d58-0880-4b98-a571-6451c6178f89"><Name><Value locale="en">ROAMING_LIMITED</Value></Name></ElementId><ElementId value="a51fb3b1-e679-4a5b-acb5-c56d9f6fa7c5"><Name><Value locale="en">Tariff_Option_Id</Value></Name></ElementId><ElementId value="6a6a56f9-3587-4376-9362-20e2cd86a544"><Name><Value locale="en">CALL_FORWARD_ALL_CON</Value></Name></ElementId><ElementId value="7108b82e-3f79-4773-b743-4c463075875b"><Name><Value locale="en">Subscriber_Id</Value></Name></ElementId><ElementId value="5fc7aeba-f61f-4e6b-ad4e-9faf11163570"><Name><Value locale="en">Subscriber_Status_Date</Value></Name></ElementId><ElementId value="7a5c9381-3153-4e01-9391-869cb2a6b852"><Name><Value locale="en">ALGORITHM_ID</Value></Name></ElementId></Attribute><AttributeGroup/><AttributeRefinement/><Name/><EvaluatePriorityRules value="false"/><SendToSIMS value="true"/><Code value="c_Mobile"/><AttributeRefine/><DistributionClientApplication/><ServiceType value="CFS" index="0"><Name><Value locale="en">CFS</Value><Value locale="pt_BR">CFS</Value><Value locale="es">CFS</Value></Name></ServiceType><AllowedCustomerFacingServiceRelation><ReferencedCustomerFacingServiceRelationAtomic template_id="44c44412-f34e-4432-8093-5a5374b1ffe8"><MinimumQuantity value="0"/><MaximumQuantity value="1"/><DefaultQuantity value="0"/><DecompositionRole value="Both" index="0"><Name><Value locale="en">Both</Value></Name></DecompositionRole><Decomposition value="Optional" index="1"><Name><Value locale="en">Optional</Value></Name></Decomposition><Description/><RelationType value="Contained" index="1073741824"><Name><Value locale="en">Contained</Value></Name></RelationType><ID/><DecompositionCondition/><AttributeRefinement/><FulfillmentDataFlow/><DependencyDetails/><ServiceInventoryMetadata/><IsSameCustomer value="false"/><IsSameAddress value="false"/><IsSameProduct value="false"/><SameAttribute/><RelationRole value="Technical Dependency" index="0"><Name><Value locale="en">Technical Dependency</Value></Name></RelationRole><SourcePriority value="1"/><TargetPriority value="1"/><AdditionalProcessIndication/><AssociatedProducts value="false"/><ProvideByDefault/><Mandatory/><IsAssociatedProductOrder value="false"/><IncludeSourceDataFromSIMS value="false"/><CompositionRule><BusinessRule_Rule template_id="EPC_Rule"><BusinessRule_Rule><![CDATA[<?xml version="1.0" encoding="UTF-8"?><Rule><RuleContext /><RuleBody><Condition><ConditionAsText>$ServiceInstance:Characteristics(Name='Technology'):Value = '1234qwer'</ConditionAsText></Condition></RuleBody></Rule>]]></BusinessRule_Rule><BusinessRule_Pattern value="923381b2-dc75-4cf9-ade8-c08b847cf8c8"/><BusinessRule_RuleStatement><![CDATA[<root><Condition id="923381b2-dc75-4cf9-ade8-c08b847cf8c8"/></root>]]></BusinessRule_RuleStatement><BusinessRule_BBAndParameterValues><BusinessRule_RuleBBAndParameterValues template_id="EPC_Rule_BB_And_Parameter_Values_Template"><BusinessRule_BuildingBlock value="923381b2-dc75-4cf9-ade8-c08b847cf8c8"/><BusinessRule_ParameterValues><BusinessRule_RuleParameterValues template_id="EPC_Rule_Parameter_Values_Template"><BusinessRule_ParameterUniqueId value="parentServiceAttr"/><BusinessRule_ParameterDefinition value="ecc88e97-76df-49d1-b1dc-1619730c9712"/><BusinessRule_ETValues/><BusinessRule_RefValues><ElementId value="Technology"/></BusinessRule_RefValues></BusinessRule_RuleParameterValues><BusinessRule_RuleParameterValues template_id="EPC_Rule_Parameter_Values_Template"><BusinessRule_ParameterUniqueId value="operand"/><BusinessRule_ParameterDefinition value="b8f9798a-8332-42b8-9c38-14201934086f"/><BusinessRule_ETValues><Value value="=" extra_data="1073741823" rule_et_param_type_id="6"/></BusinessRule_ETValues><BusinessRule_RefValues/></BusinessRule_RuleParameterValues><BusinessRule_RuleParameterValues template_id="EPC_Rule_Parameter_Values_Template"><BusinessRule_ParameterUniqueId value="stringConstant"/><BusinessRule_ParameterDefinition value="e3be3877-0743-42af-bc88-5edf23b2a1f5"/><BusinessRule_ETValues><Value value="1234qwer"/></BusinessRule_ETValues><BusinessRule_RefValues/></BusinessRule_RuleParameterValues></BusinessRule_ParameterValues></BusinessRule_RuleBBAndParameterValues></BusinessRule_BBAndParameterValues><BusinessRule_DirtyIndicator value="2021-01-28T12:26:21"/><BusinessRule_SyntaxGenerationLastDate value="2021-01-28T12:26:31"/><BusinessRule_BusinessModeIndicator value="true"/></BusinessRule_Rule></CompositionRule><Service value="5960e822-40c2-4fa2-964a-963b75c057f5"><Name><Value locale="en">c_Voice</Value></Name></Service></ReferencedCustomerFacingServiceRelationAtomic><ReferencedCustomerFacingServiceRelationAtomic template_id="44c44412-f34e-4432-8093-5a5374b1ffe8"><MinimumQuantity value="0"/><MaximumQuantity value="1"/><DefaultQuantity value="0"/><DecompositionRole value="Both" index="0"><Name><Value locale="en">Both</Value></Name></DecompositionRole><Decomposition value="Optional" index="1"><Name><Value locale="en">Optional</Value></Name></Decomposition><Description/><RelationType value="Contained" index="1073741824"><Name><Value locale="en">Contained</Value></Name></RelationType><ID/><DecompositionCondition/><AttributeRefinement/><FulfillmentDataFlow/><DependencyDetails/><ServiceInventoryMetadata/><IsSameCustomer value="false"/><IsSameAddress value="false"/><IsSameProduct value="false"/><SameAttribute/><RelationRole value="Technical Dependency" index="0"><Name><Value locale="en">Technical Dependency</Value></Name></RelationRole><SourcePriority value="1"/><TargetPriority value="1"/><AdditionalProcessIndication/><AssociatedProducts value="false"/><ProvideByDefault/><Mandatory/><IsAssociatedProductOrder value="false"/><IncludeSourceDataFromSIMS value="false"/><CompositionRule><BusinessRule_Rule template_id="EPC_Rule"><BusinessRule_Rule><![CDATA[<?xml version="1.0" encoding="UTF-8"?><Rule><RuleContext /><RuleBody><Condition><ConditionAsText>$ServiceInstance:Characteristics(Name='Barring_Notification'):Value = '1234ewqr'</ConditionAsText></Condition></RuleBody></Rule>]]></BusinessRule_Rule><BusinessRule_Pattern value="923381b2-dc75-4cf9-ade8-c08b847cf8c8"/><BusinessRule_RuleStatement><![CDATA[<root><Condition id="923381b2-dc75-4cf9-ade8-c08b847cf8c8"/></root>]]></BusinessRule_RuleStatement><BusinessRule_BBAndParameterValues><BusinessRule_RuleBBAndParameterValues template_id="EPC_Rule_BB_And_Parameter_Values_Template"><BusinessRule_BuildingBlock value="923381b2-dc75-4cf9-ade8-c08b847cf8c8"/><BusinessRule_ParameterValues><BusinessRule_RuleParameterValues template_id="EPC_Rule_Parameter_Values_Template"><BusinessRule_ParameterUniqueId value="parentServiceAttr"/><BusinessRule_ParameterDefinition value="ecc88e97-76df-49d1-b1dc-1619730c9712"/><BusinessRule_ETValues/><BusinessRule_RefValues><ElementId value="Barring_Notification"/></BusinessRule_RefValues></BusinessRule_RuleParameterValues><BusinessRule_RuleParameterValues template_id="EPC_Rule_Parameter_Values_Template"><BusinessRule_ParameterUniqueId value="operand"/><BusinessRule_ParameterDefinition value="b8f9798a-8332-42b8-9c38-14201934086f"/><BusinessRule_ETValues><Value value="=" extra_data="1073741823" rule_et_param_type_id="6"/></BusinessRule_ETValues><BusinessRule_RefValues/></BusinessRule_RuleParameterValues><BusinessRule_RuleParameterValues template_id="EPC_Rule_Parameter_Values_Template"><BusinessRule_ParameterUniqueId value="stringConstant"/><BusinessRule_ParameterDefinition value="e3be3877-0743-42af-bc88-5edf23b2a1f5"/><BusinessRule_ETValues><Value value="1234ewqr"/></BusinessRule_ETValues><BusinessRule_RefValues/></BusinessRule_RuleParameterValues></BusinessRule_ParameterValues></BusinessRule_RuleBBAndParameterValues></BusinessRule_BBAndParameterValues><BusinessRule_DirtyIndicator value="2021-01-28T12:26:21"/><BusinessRule_SyntaxGenerationLastDate value="2021-01-28T12:26:31"/><BusinessRule_BusinessModeIndicator value="true"/></BusinessRule_Rule></CompositionRule><Service value="2ccee245-5297-4584-ae5f-1a415d685af8"><Name><Value locale="en">c_Messaging</Value></Name></Service></ReferencedCustomerFacingServiceRelationAtomic><ReferencedCustomerFacingServiceRelationAtomic template_id="44c44412-f34e-4432-8093-5a5374b1ffe8"><MinimumQuantity value="0"/><MaximumQuantity value="1"/><DefaultQuantity value="0"/><DecompositionRole value="Both" index="0"><Name><Value locale="en">Both</Value></Name></DecompositionRole><Decomposition value="Optional" index="1"><Name><Value locale="en">Optional</Value></Name></Decomposition><Description/><RelationType value="Contained" index="1073741824"><Name><Value locale="en">Contained</Value></Name></RelationType><ID/><DecompositionCondition/><AttributeRefinement/><FulfillmentDataFlow/><DependencyDetails/><ServiceInventoryMetadata/><IsSameCustomer value="false"/><IsSameAddress value="false"/><IsSameProduct value="false"/><SameAttribute/><RelationRole value="Technical Dependency" index="0"><Name><Value locale="en">Technical Dependency</Value></Name></RelationRole><SourcePriority value="1"/><TargetPriority value="1"/><AdditionalProcessIndication/><AssociatedProducts value="false"/><ProvideByDefault/><Mandatory/><IsAssociatedProductOrder value="false"/><IncludeSourceDataFromSIMS value="false"/><CompositionRule><BusinessRule_Rule template_id="EPC_Rule"><BusinessRule_Rule><![CDATA[<?xml version="1.0" encoding="UTF-8"?><Rule><RuleContext /><RuleBody><Condition><ConditionAsText>$ServiceInstance:Characteristics(Name='Technology'):Value = '1234qwer'</ConditionAsText></Condition></RuleBody></Rule>]]></BusinessRule_Rule><BusinessRule_Pattern value="923381b2-dc75-4cf9-ade8-c08b847cf8c8"/><BusinessRule_RuleStatement><![CDATA[<root><Condition id="923381b2-dc75-4cf9-ade8-c08b847cf8c8"/></root>]]></BusinessRule_RuleStatement><BusinessRule_BBAndParameterValues><BusinessRule_RuleBBAndParameterValues template_id="EPC_Rule_BB_And_Parameter_Values_Template"><BusinessRule_BuildingBlock value="923381b2-dc75-4cf9-ade8-c08b847cf8c8"/><BusinessRule_ParameterValues><BusinessRule_RuleParameterValues template_id="EPC_Rule_Parameter_Values_Template"><BusinessRule_ParameterUniqueId value="parentServiceAttr"/><BusinessRule_ParameterDefinition value="ecc88e97-76df-49d1-b1dc-1619730c9712"/><BusinessRule_ETValues/><BusinessRule_RefValues><ElementId value="Technology"/></BusinessRule_RefValues></BusinessRule_RuleParameterValues><BusinessRule_RuleParameterValues template_id="EPC_Rule_Parameter_Values_Template"><BusinessRule_ParameterUniqueId value="operand"/><BusinessRule_ParameterDefinition value="b8f9798a-8332-42b8-9c38-14201934086f"/><BusinessRule_ETValues><Value value="=" extra_data="1073741823" rule_et_param_type_id="6"/></BusinessRule_ETValues><BusinessRule_RefValues/></BusinessRule_RuleParameterValues><BusinessRule_RuleParameterValues template_id="EPC_Rule_Parameter_Values_Template"><BusinessRule_ParameterUniqueId value="stringConstant"/><BusinessRule_ParameterDefinition value="e3be3877-0743-42af-bc88-5edf23b2a1f5"/><BusinessRule_ETValues><Value value="1234qwer"/></BusinessRule_ETValues><BusinessRule_RefValues/></BusinessRule_RuleParameterValues></BusinessRule_ParameterValues></BusinessRule_RuleBBAndParameterValues></BusinessRule_BBAndParameterValues><BusinessRule_DirtyIndicator value="2021-01-28T12:26:21"/><BusinessRule_SyntaxGenerationLastDate value="2021-01-28T12:26:31"/><BusinessRule_BusinessModeIndicator value="true"/></BusinessRule_Rule></CompositionRule><Service value="3d9ed8e5-8976-47d2-80da-b51661fff405"><Name><Value locale="en">c_Data_AddOn</Value></Name></Service></ReferencedCustomerFacingServiceRelationAtomic><ReferencedCustomerFacingServiceRelationAtomic template_id="44c44412-f34e-4432-8093-5a5374b1ffe8"><MinimumQuantity value="0"/><MaximumQuantity value="1"/><DefaultQuantity value="0"/><DecompositionRole value="Both" index="0"><Name><Value locale="en">Both</Value></Name></DecompositionRole><Decomposition value="Optional" index="1"><Name><Value locale="en">Optional</Value></Name></Decomposition><Description/><RelationType value="Contained" index="1073741824"><Name><Value locale="en">Contained</Value></Name></RelationType><ID/><DecompositionCondition/><AttributeRefinement/><FulfillmentDataFlow/><DependencyDetails/><ServiceInventoryMetadata/><IsSameCustomer value="false"/><IsSameAddress value="false"/><IsSameProduct value="false"/><SameAttribute/><RelationRole value="Technical Dependency" index="0"><Name><Value locale="en">Technical Dependency</Value></Name></RelationRole><SourcePriority value="1"/><TargetPriority value="1"/><AdditionalProcessIndication/><AssociatedProducts value="false"/><ProvideByDefault/><Mandatory/><IsAssociatedProductOrder value="false"/><IncludeSourceDataFromSIMS value="false"/><CompositionRule><BusinessRule_Rule template_id="EPC_Rule"><BusinessRule_Rule><![CDATA[<?xml version="1.0" encoding="UTF-8"?><Rule><RuleContext /><RuleBody><Condition><ConditionAsText>$ServiceInstance:Characteristics(Name='Technology'):Value = '1234qwer'</ConditionAsText></Condition></RuleBody></Rule>]]></BusinessRule_Rule><BusinessRule_Pattern value="923381b2-dc75-4cf9-ade8-c08b847cf8c8"/><BusinessRule_RuleStatement><![CDATA[<root><Condition id="923381b2-dc75-4cf9-ade8-c08b847cf8c8"/></root>]]></BusinessRule_RuleStatement><BusinessRule_BBAndParameterValues><BusinessRule_RuleBBAndParameterValues template_id="EPC_Rule_BB_And_Parameter_Values_Template"><BusinessRule_BuildingBlock value="923381b2-dc75-4cf9-ade8-c08b847cf8c8"/><BusinessRule_ParameterValues><BusinessRule_RuleParameterValues template_id="EPC_Rule_Parameter_Values_Template"><BusinessRule_ParameterUniqueId value="parentServiceAttr"/><BusinessRule_ParameterDefinition value="ecc88e97-76df-49d1-b1dc-1619730c9712"/><BusinessRule_ETValues/><BusinessRule_RefValues><ElementId value="Technology"/></BusinessRule_RefValues></BusinessRule_RuleParameterValues><BusinessRule_RuleParameterValues template_id="EPC_Rule_Parameter_Values_Template"><BusinessRule_ParameterUniqueId value="operand"/><BusinessRule_ParameterDefinition value="b8f9798a-8332-42b8-9c38-14201934086f"/><BusinessRule_ETValues><Value value="=" extra_data="1073741823" rule_et_param_type_id="6"/></BusinessRule_ETValues><BusinessRule_RefValues/></BusinessRule_RuleParameterValues><BusinessRule_RuleParameterValues template_id="EPC_Rule_Parameter_Values_Template"><BusinessRule_ParameterUniqueId value="stringConstant"/><BusinessRule_ParameterDefinition value="e3be3877-0743-42af-bc88-5edf23b2a1f5"/><BusinessRule_ETValues><Value value="1234qwer"/></BusinessRule_ETValues><BusinessRule_RefValues/></BusinessRule_RuleParameterValues></BusinessRule_ParameterValues></BusinessRule_RuleBBAndParameterValues></BusinessRule_BBAndParameterValues><BusinessRule_DirtyIndicator value="2021-01-28T12:26:21"/><BusinessRule_SyntaxGenerationLastDate value="2021-01-28T12:26:31"/><BusinessRule_BusinessModeIndicator value="true"/></BusinessRule_Rule></CompositionRule><Service value="51420352-eb33-4365-a1c8-27abf8bcfcd3"><Name><Value locale="en">c_Roaming</Value></Name></Service></ReferencedCustomerFacingServiceRelationAtomic><ReferencedCustomerFacingServiceRelationAtomic template_id="44c44412-f34e-4432-8093-5a5374b1ffe8"><MinimumQuantity value="0"/><MaximumQuantity value="1"/><DefaultQuantity value="0"/><DecompositionRole value="Both" index="0"><Name><Value locale="en">Both</Value></Name></DecompositionRole><Decomposition value="Optional" index="1"><Name><Value locale="en">Optional</Value></Name></Decomposition><Description/><RelationType value="Contained" index="1073741824"><Name><Value locale="en">Contained</Value></Name></RelationType><ID/><DecompositionCondition/><AttributeRefinement/><FulfillmentDataFlow/><DependencyDetails/><ServiceInventoryMetadata/><IsSameCustomer value="false"/><IsSameAddress value="false"/><IsSameProduct value="false"/><SameAttribute/><RelationRole value="Technical Dependency" index="0"><Name><Value locale="en">Technical Dependency</Value></Name></RelationRole><SourcePriority value="1"/><TargetPriority value="1"/><AdditionalProcessIndication/><AssociatedProducts value="false"/><ProvideByDefault/><Mandatory/><IsAssociatedProductOrder value="false"/><IncludeSourceDataFromSIMS value="false"/><CompositionRule><BusinessRule_Rule template_id="EPC_Rule"><BusinessRule_Rule><![CDATA[<?xml version="1.0" encoding="UTF-8"?><Rule><RuleContext /><RuleBody><Condition><ConditionAsText>$ServiceInstance:Characteristics(Name='Technology'):Value = '1234qwer'</ConditionAsText></Condition></RuleBody></Rule>]]></BusinessRule_Rule><BusinessRule_Pattern value="923381b2-dc75-4cf9-ade8-c08b847cf8c8"/><BusinessRule_RuleStatement><![CDATA[<root><Condition id="923381b2-dc75-4cf9-ade8-c08b847cf8c8"/></root>]]></BusinessRule_RuleStatement><BusinessRule_BBAndParameterValues><BusinessRule_RuleBBAndParameterValues template_id="EPC_Rule_BB_And_Parameter_Values_Template"><BusinessRule_BuildingBlock value="923381b2-dc75-4cf9-ade8-c08b847cf8c8"/><BusinessRule_ParameterValues><BusinessRule_RuleParameterValues template_id="EPC_Rule_Parameter_Values_Template"><BusinessRule_ParameterUniqueId value="parentServiceAttr"/><BusinessRule_ParameterDefinition value="ecc88e97-76df-49d1-b1dc-1619730c9712"/><BusinessRule_ETValues/><BusinessRule_RefValues><ElementId value="Technology"/></BusinessRule_RefValues></BusinessRule_RuleParameterValues><BusinessRule_RuleParameterValues template_id="EPC_Rule_Parameter_Values_Template"><BusinessRule_ParameterUniqueId value="operand"/><BusinessRule_ParameterDefinition value="b8f9798a-8332-42b8-9c38-14201934086f"/><BusinessRule_ETValues><Value value="=" extra_data="1073741823" rule_et_param_type_id="6"/></BusinessRule_ETValues><BusinessRule_RefValues/></BusinessRule_RuleParameterValues><BusinessRule_RuleParameterValues template_id="EPC_Rule_Parameter_Values_Template"><BusinessRule_ParameterUniqueId value="stringConstant"/><BusinessRule_ParameterDefinition value="e3be3877-0743-42af-bc88-5edf23b2a1f5"/><BusinessRule_ETValues><Value value="1234qwer"/></BusinessRule_ETValues><BusinessRule_RefValues/></BusinessRule_RuleParameterValues></BusinessRule_ParameterValues></BusinessRule_RuleBBAndParameterValues></BusinessRule_BBAndParameterValues><BusinessRule_DirtyIndicator value="2021-01-28T12:26:21"/><BusinessRule_SyntaxGenerationLastDate value="2021-01-28T12:26:31"/><BusinessRule_BusinessModeIndicator value="true"/></BusinessRule_Rule></CompositionRule><Service value="589ab4ab-e18e-4c19-9fa0-8359cf7a75c7"><Name><Value locale="en">c_SIM</Value></Name></Service></ReferencedCustomerFacingServiceRelationAtomic><ReferencedCustomerFacingServiceRelationAtomic template_id="44c44412-f34e-4432-8093-5a5374b1ffe8"><MinimumQuantity value="0"/><MaximumQuantity value="1"/><DefaultQuantity value="0"/><DecompositionRole value="Both" index="0"><Name><Value locale="en">Both</Value></Name></DecompositionRole><Decomposition value="Optional" index="1"><Name><Value locale="en">Optional</Value></Name></Decomposition><Description/><RelationType value="Contained" index="1073741824"><Name><Value locale="en">Contained</Value></Name></RelationType><ID/><DecompositionCondition/><AttributeRefinement/><FulfillmentDataFlow/><DependencyDetails/><ServiceInventoryMetadata/><IsSameCustomer value="false"/><IsSameAddress value="false"/><IsSameProduct value="false"/><SameAttribute/><RelationRole value="Technical Dependency" index="0"><Name><Value locale="en">Technical Dependency</Value></Name></RelationRole><SourcePriority value="1"/><TargetPriority value="1"/><AdditionalProcessIndication/><AssociatedProducts value="false"/><ProvideByDefault/><Mandatory/><IsAssociatedProductOrder value="false"/><IncludeSourceDataFromSIMS value="false"/><CompositionRule><BusinessRule_Rule template_id="EPC_Rule"><BusinessRule_Rule><![CDATA[<?xml version="1.0" encoding="UTF-8"?><Rule><RuleContext /><RuleBody><Condition><ConditionAsText>$ServiceInstance:Characteristics(Name='Technology'):Value = '124fdasdfasdfdf'</ConditionAsText></Condition></RuleBody></Rule>]]></BusinessRule_Rule><BusinessRule_Pattern value="923381b2-dc75-4cf9-ade8-c08b847cf8c8"/><BusinessRule_RuleStatement><![CDATA[<root><Condition id="923381b2-dc75-4cf9-ade8-c08b847cf8c8"/></root>]]></BusinessRule_RuleStatement><BusinessRule_BBAndParameterValues><BusinessRule_RuleBBAndParameterValues template_id="EPC_Rule_BB_And_Parameter_Values_Template"><BusinessRule_BuildingBlock value="923381b2-dc75-4cf9-ade8-c08b847cf8c8"/><BusinessRule_ParameterValues><BusinessRule_RuleParameterValues template_id="EPC_Rule_Parameter_Values_Template"><BusinessRule_ParameterUniqueId value="parentServiceAttr"/><BusinessRule_ParameterDefinition value="ecc88e97-76df-49d1-b1dc-1619730c9712"/><BusinessRule_ETValues/><BusinessRule_RefValues><ElementId value="Technology"/></BusinessRule_RefValues></BusinessRule_RuleParameterValues><BusinessRule_RuleParameterValues template_id="EPC_Rule_Parameter_Values_Template"><BusinessRule_ParameterUniqueId value="operand"/><BusinessRule_ParameterDefinition value="b8f9798a-8332-42b8-9c38-14201934086f"/><BusinessRule_ETValues><Value value="=" extra_data="1073741823" rule_et_param_type_id="6"/></BusinessRule_ETValues><BusinessRule_RefValues/></BusinessRule_RuleParameterValues><BusinessRule_RuleParameterValues template_id="EPC_Rule_Parameter_Values_Template"><BusinessRule_ParameterUniqueId value="stringConstant"/><BusinessRule_ParameterDefinition value="e3be3877-0743-42af-bc88-5edf23b2a1f5"/><BusinessRule_ETValues><Value value="124fdasdfasdfdf"/></BusinessRule_ETValues><BusinessRule_RefValues/></BusinessRule_RuleParameterValues></BusinessRule_ParameterValues></BusinessRule_RuleBBAndParameterValues></BusinessRule_BBAndParameterValues><BusinessRule_DirtyIndicator value="2021-01-28T12:26:21"/><BusinessRule_SyntaxGenerationLastDate value="2021-01-28T12:26:31"/><BusinessRule_BusinessModeIndicator value="true"/></BusinessRule_Rule></CompositionRule><Service value="8f93cf73-526a-44bb-bc5a-7cc8bb7ea1fc"><Name><Value locale="en">c_VoiceMail</Value></Name></Service></ReferencedCustomerFacingServiceRelationAtomic><ReferencedCustomerFacingServiceRelationAtomic template_id="44c44412-f34e-4432-8093-5a5374b1ffe8"><MinimumQuantity value="0"/><MaximumQuantity value="1"/><DefaultQuantity value="0"/><DecompositionRole value="Both" index="0"><Name><Value locale="en">Both</Value></Name></DecompositionRole><Decomposition value="Optional" index="1"><Name><Value locale="en">Optional</Value></Name></Decomposition><Description/><RelationType value="Contained" index="1073741824"><Name><Value locale="en">Contained</Value></Name></RelationType><ID/><DecompositionCondition/><AttributeRefinement/><FulfillmentDataFlow/><DependencyDetails/><ServiceInventoryMetadata/><IsSameCustomer value="false"/><IsSameAddress value="false"/><IsSameProduct value="false"/><SameAttribute/><RelationRole value="Technical Dependency" index="0"><Name><Value locale="en">Technical Dependency</Value></Name></RelationRole><SourcePriority value="1"/><TargetPriority value="1"/><AdditionalProcessIndication/><AssociatedProducts value="false"/><ProvideByDefault/><Mandatory/><IsAssociatedProductOrder value="false"/><IncludeSourceDataFromSIMS value="false"/><CompositionRule><BusinessRule_Rule template_id="EPC_Rule"><BusinessRule_Rule><![CDATA[<?xml version="1.0" encoding="UTF-8"?><Rule><RuleContext /><RuleBody><Condition><ConditionAsText>$ServiceInstance:Characteristics(Name='Technology'):Value = '123123qwer'</ConditionAsText></Condition></RuleBody></Rule>]]></BusinessRule_Rule><BusinessRule_Pattern value="923381b2-dc75-4cf9-ade8-c08b847cf8c8"/><BusinessRule_RuleStatement><![CDATA[<root><Condition id="923381b2-dc75-4cf9-ade8-c08b847cf8c8"/></root>]]></BusinessRule_RuleStatement><BusinessRule_BBAndParameterValues><BusinessRule_RuleBBAndParameterValues template_id="EPC_Rule_BB_And_Parameter_Values_Template"><BusinessRule_BuildingBlock value="923381b2-dc75-4cf9-ade8-c08b847cf8c8"/><BusinessRule_ParameterValues><BusinessRule_RuleParameterValues template_id="EPC_Rule_Parameter_Values_Template"><BusinessRule_ParameterUniqueId value="parentServiceAttr"/><BusinessRule_ParameterDefinition value="ecc88e97-76df-49d1-b1dc-1619730c9712"/><BusinessRule_ETValues/><BusinessRule_RefValues><ElementId value="Technology"/></BusinessRule_RefValues></BusinessRule_RuleParameterValues><BusinessRule_RuleParameterValues template_id="EPC_Rule_Parameter_Values_Template"><BusinessRule_ParameterUniqueId value="operand"/><BusinessRule_ParameterDefinition value="b8f9798a-8332-42b8-9c38-14201934086f"/><BusinessRule_ETValues><Value value="=" extra_data="1073741823" rule_et_param_type_id="6"/></BusinessRule_ETValues><BusinessRule_RefValues/></BusinessRule_RuleParameterValues><BusinessRule_RuleParameterValues template_id="EPC_Rule_Parameter_Values_Template"><BusinessRule_ParameterUniqueId value="stringConstant"/><BusinessRule_ParameterDefinition value="e3be3877-0743-42af-bc88-5edf23b2a1f5"/><BusinessRule_ETValues><Value value="123123qwer"/></BusinessRule_ETValues><BusinessRule_RefValues/></BusinessRule_RuleParameterValues></BusinessRule_ParameterValues></BusinessRule_RuleBBAndParameterValues></BusinessRule_BBAndParameterValues><BusinessRule_DirtyIndicator value="2021-01-28T12:26:21"/><BusinessRule_SyntaxGenerationLastDate value="2021-01-28T12:26:31"/><BusinessRule_BusinessModeIndicator value="true"/></BusinessRule_Rule></CompositionRule><Service value="fffc3ae7-832b-49a8-9eb8-2f3c07ab5c09"><Name><Value locale="en">c_Data</Value></Name></Service></ReferencedCustomerFacingServiceRelationAtomic></AllowedCustomerFacingServiceRelation><AllowedResourceFacingServiceRelation/><FulfillmentJobList/><ServiceMilestoneViewId/><UniqueIdentifier/><IsExternal value="false"/><TargetSystem/><ChangePlanParticipant value="false"/><MoveActivityAttribute/><NoCeasingServiceDuringMove value="false"/><Category/><Properties/><MoveRuleCriteria/><AdditionalProperties><AdditionalProperties><ParameterName value="versionNumber"/><ParameterValue value="24.0"/></AdditionalProperties><AdditionalProperties><ParameterName value="versionUUID"/><ParameterValue value="1c286947-a6f9-4872-b088-bdc5637fa750"/></AdditionalProperties></AdditionalProperties></CustomerFacingServiceSpecAtomicVersion></CustomerFacingServiceSpecAtomicVersions></CustomerFacingServiceSpecAtomic><CustomerFacingServiceSpecAtomic id="ea677cf0-d933-4848-b3dc-c7e5970c4664" action="noChange" core_data_overridden="false"><Name><Value locale="en">c_Fixed_Voice</Value></Name><CustomerFacingServiceSpecAtomicVersions><CustomerFacingServiceSpecAtomicVersion effective="1900-01-01T00:00:00" expiration="NONE" versionId="1" action="noChange"><ID value="90078753"/><Description><Value value="c_Fixed_Voice" locale="en"/></Description><ServiceInventoryMetadata/><Family value=""><Name><Value locale="en">All</Value></Name></Family><Line value="All"/><Attachment/><ServiceRules/><IsSameCustomer value="false"/><IsSameAddress value="false"/><IsSameProduct value="false"/><SameAttribute/><AlwaysCreateNewInstance value="false"/><ServiceDomain><Name><Value locale="en">All</Value></Name></ServiceDomain><ActionProcessOverride/><ActionContractOverride/><ActionParcelableCapabilityRelation/><ActionFulfillmentTime/><Attribute><ElementId value="c0cf7802-e796-4435-a842-991a501c6cbf"><Name><Value locale="en">Telephone_Number</Value></Name></ElementId><ElementId value="c76cda50-c454-46f5-a2df-483f6a0b1056"><Name><Value locale="en">Plan_Type</Value></Name></ElementId></Attribute><AttributeGroup/><AttributeRefinement/><Name/><EvaluatePriorityRules value="false"/><SendToSIMS value="true"/><Code value="c_Fixed_Voice"/><AttributeRefine/><DistributionClientApplication/><ServiceType value="CFS" index="0"><Name><Value locale="en">CFS</Value><Value locale="pt_BR">CFS</Value><Value locale="es">CFS</Value></Name></ServiceType><AllowedCustomerFacingServiceRelation><ReferencedCustomerFacingServiceRelationAtomic template_id="44c44412-f34e-4432-8093-5a5374b1ffe8"><MinimumQuantity value="0"/><MaximumQuantity value="1"/><DefaultQuantity value="0"/><DecompositionRole value="Both" index="0"><Name><Value locale="en">Both</Value></Name></DecompositionRole><Decomposition value="Optional" index="1"><Name><Value locale="en">Optional</Value></Name></Decomposition><Description/><RelationType value="Reference" index="1073741823"><Name><Value locale="en">Reference</Value></Name></RelationType><ID/><DecompositionCondition/><AttributeRefinement/><FulfillmentDataFlow/><DependencyDetails/><ServiceInventoryMetadata/><IsSameCustomer value="true"/><IsSameAddress value="false"/><IsSameProduct value="false"/><SameAttribute/><RelationRole value="Technical Dependency" index="0"><Name><Value locale="en">Technical Dependency</Value></Name></RelationRole><SourcePriority value="1"/><TargetPriority value="1"/><AdditionalProcessIndication/><AssociatedProducts value="true"/><ProvideByDefault/><Mandatory/><IsAssociatedProductOrder value="false"/><IncludeSourceDataFromSIMS value="false"/><CompositionRule><BusinessRule_Rule template_id="EPC_Rule"><BusinessRule_Rule></BusinessRule_Rule><BusinessRule_Pattern/><BusinessRule_RuleStatement></BusinessRule_RuleStatement><BusinessRule_BBAndParameterValues/><BusinessRule_DirtyIndicator/><BusinessRule_SyntaxGenerationLastDate/><BusinessRule_BusinessModeIndicator/><BusinessRule_SyntaxGenerationError/><BusinessRule_RuleReferencedElements/><BusinessRule_RuleClasses/></BusinessRule_Rule></CompositionRule><Service value="60373cb4-4b85-4c11-898c-6f5986232417"><Name><Value locale="en">c_Access</Value></Name></Service></ReferencedCustomerFacingServiceRelationAtomic></AllowedCustomerFacingServiceRelation><AllowedResourceFacingServiceRelation/><FulfillmentJobList/><ServiceMilestoneViewId/><UniqueIdentifier/><IsExternal value="false"/><TargetSystem/><ChangePlanParticipant value="false"/><MoveActivityAttribute/><NoCeasingServiceDuringMove value="false"/><Category/><Properties/><MoveRuleCriteria/><AdditionalProperties><AdditionalProperties><ParameterName value="versionNumber"/><ParameterValue value="6.0"/></AdditionalProperties><AdditionalProperties><ParameterName value="versionUUID"/><ParameterValue value="68dd102f-715f-455f-93e4-735cbff186ba"/></AdditionalProperties></AdditionalProperties></CustomerFacingServiceSpecAtomicVersion></CustomerFacingServiceSpecAtomicVersions></CustomerFacingServiceSpecAtomic><CustomerFacingServiceSpecAtomic id="453d40d7-6159-48fd-8540-562b282f056b" action="noChange" core_data_overridden="false"><Name><Value locale="en">c_CPE</Value></Name><CustomerFacingServiceSpecAtomicVersions><CustomerFacingServiceSpecAtomicVersion effective="1900-01-01T00:00:00" expiration="NONE" versionId="1" action="noChange"><ID value="18604349"/><Description><Value value="c_CPE" locale="en"/></Description><ServiceInventoryMetadata><ServiceMetadataRule><ID value="1"/><Description><Value value="Modify if Service is Active in USM" locale="en"/></Description><ParentServiceAction value="Unchanged"><Name><Value locale="en">Unchanged</Value></Name></ParentServiceAction><ChildServiceAction/><IsProvideChildByDefault value="0"><Name><Value locale="en">Ignore</Value></Name></IsProvideChildByDefault><IsMandatory value="0"><Name><Value locale="en">Ignore</Value></Name></IsMandatory><IsInMOP value="0"><Name><Value locale="en">Ignore</Value></Name></IsInMOP><IsInUSM value="1"><Name><Value locale="en">Yes</Value></Name></IsInUSM><StatusInUSM value="590002"><Name><Value locale="en">Active</Value></Name></StatusInUSM><HasAssociatedServices value="0"><Name><Value locale="en">Ignore</Value></Name></HasAssociatedServices><NewServiceAction value="Modify"><Name><Value locale="en">Modify</Value></Name></NewServiceAction><AssociationRole/><ServiceAttributesHasChanged value="0"><Name><Value locale="en">Ignore</Value></Name></ServiceAttributesHasChanged><ListOfSelectedValidActions/><RejectMessageCode/><ServiceRole value="Service"><Name><Value locale="en">Service</Value></Name></ServiceRole><CascadeActionToAllSubServices value="false"/><RuleType value="1"><Name><Value locale="en">Service</Value></Name></RuleType><Name value="Modify if Service is Active in USM"/><AttributeCheckRule/><AttributeChange/><ComplexCondition value="false"/><ServiceActionComplexCondition/></ServiceMetadataRule></ServiceInventoryMetadata><Family value=""><Name><Value locale="en">All</Value></Name></Family><Line value="All"/><Attachment/><ServiceRules/><IsSameCustomer value="false"/><IsSameAddress value="false"/><IsSameProduct value="true"/><SameAttribute/><AlwaysCreateNewInstance value="false"/><ServiceDomain><Name><Value locale="en">All</Value></Name></ServiceDomain><ActionProcessOverride/><ActionContractOverride/><ActionParcelableCapabilityRelation/><ActionFulfillmentTime/><Attribute><ElementId value="fdee587b-e940-47c8-9ae7-5894c6dd2178"><Name><Value locale="en">cmtsIfNameup</Value></Name></ElementId><ElementId value="b2b0bf16-9725-4ed6-a663-7ba1966b9c08"><Name><Value locale="en">SELF_INSTALL</Value></Name></ElementId><ElementId value="c792cf993cfd4b1694de1d6f90c43b7b"><Name><Value locale="en">Error_Description</Value></Name></ElementId><ElementId value="9ed9968e-e807-45f8-b01b-3b1e987c2ce6"><Name><Value locale="en">modemSendPower</Value></Name></ElementId><ElementId value="cf5500617d444437a0dfdefb6f666861"><Name><Value locale="en">Error_Code</Value></Name></ElementId><ElementId value="ContractIdHsi"><Name><Value locale="en">ContractIdHsi</Value></Name></ElementId><ElementId value="type"><Name><Value locale="en">type</Value></Name></ElementId><ElementId value="Equipment_Info"><Name><Value locale="en">Equipment_Info</Value></Name></ElementId><ElementId value="ba4766e8-52fc-47dc-bcc8-9788fd67dbc7"><Name><Value locale="en">hostname</Value></Name></ElementId><ElementId value="042baffc-ed6b-4f63-9a85-25b6d169373e"><Name><Value locale="en">Network_Technology</Value></Name></ElementId><ElementId value="Manufacturer"><Name><Value locale="en">Manufacturer</Value></Name></ElementId><ElementId value="5cf39fa3-6e3c-4c74-aae8-2f5d53f955fd"><Name><Value locale="en">channelTypeup</Value></Name></ElementId><ElementId value="59f6215b681b49859d39ae93ba7d4fd0"><Name><Value locale="en">Delay_Reason</Value></Name></ElementId><ElementId value="e261fdcb-f997-4bf6-8a8b-90b86855de1d"><Name><Value locale="en">firmwareVersion</Value></Name></ElementId><ElementId value="1f64485c-c8cd-43f4-b909-343a76af1784"><Name><Value locale="en">Delivery_Method</Value></Name></ElementId><ElementId value="d95e23d8-8b8a-4093-a4de-22ba2800287e"><Name><Value locale="en">DEVICE_MODEL</Value></Name></ElementId><ElementId value="fe88e8b0-722e-4e58-b4ec-45b5fd1a7743"><Name><Value locale="en">modulationIddown</Value></Name></ElementId><ElementId value="186d91fe67014b4bb1928192ad26157e"><Name><Value locale="en">Expected_Completion_Date</Value></Name></ElementId><ElementId value="6c209750-58d8-409b-85bd-147b6ca36817"><Name><Value locale="en">channelTypedown</Value></Name></ElementId><ElementId value="ModelName"><Name><Value locale="en">ModelName</Value></Name></ElementId><ElementId value="d76f5db4-e3e7-41a6-8ae1-d79b3b5971ff"><Name><Value locale="en">cmtsIfNamedown</Value></Name></ElementId><ElementId value="d9732c30-076a-487e-bb2a-a27af174fe5b"><Name><Value locale="en">modemReceivePower</Value></Name></ElementId><ElementId value="Hostname"><Name><Value locale="en">Hostname</Value></Name></ElementId><ElementId value="43c2ef9e-9827-46a8-a1e5-1969120dfb3d"><Name><Value locale="en">ipAddress</Value></Name></ElementId><ElementId value="bcfe5027-ab59-4f04-a921-b47524acc35f"><Name><Value locale="en">modulationNamedown</Value></Name></ElementId><ElementId value="cfeaa704-67be-43f9-bb9e-ec7e9e595db4"><Name><Value locale="en">modulationNameup</Value></Name></ElementId><ElementId value="Equipment_type"><Name><Value locale="en">Equipment_type</Value></Name></ElementId><ElementId value="0ba3e165-cb47-482f-9b47-38a518fc172d"><Name><Value locale="en">frequencyup</Value></Name></ElementId><ElementId value="94e18ff1-2c0e-44bd-9961-54390050d14c"><Name><Value locale="en">CMTS_Name</Value></Name></ElementId><ElementId value="4fd05a25-d2b6-474a-8ab9-99993b3fd310"><Name><Value locale="en">Modem_MAC_Address</Value></Name></ElementId><ElementId value="b94cedc6-989c-4a8f-abcc-5283544dce65"><Name><Value locale="en">modulationIdup</Value></Name></ElementId><ElementId value="d854c166-081b-4f6f-a5e4-d18dfd496a3e"><Name><Value locale="en">frequencydown</Value></Name></ElementId><ElementId value="a0aed071-9e46-45db-9114-47838f8b61c9"><Name><Value locale="en">modemSnr</Value></Name></ElementId><ElementId value="name"><Name><Value locale="en">name</Value></Name></ElementId><ElementId value="783dc744-97c9-400f-b8fa-7ee27e1d8ab8"><Name><Value locale="en">Installation_Method</Value></Name></ElementId><ElementId value="region"><Name><Value locale="en">region</Value></Name></ElementId><ElementId value="504a85a0-0b2c-4441-9f85-e88ace8c089a"><Name><Value locale="en">Configuration_System_Key</Value></Name></ElementId></Attribute><AttributeGroup/><AttributeRefinement/><Name/><EvaluatePriorityRules value="false"/><SendToSIMS value="true"/><Code value="c_CPE"/><AttributeRefine/><DistributionClientApplication/><ServiceType value="CFS" index="0"><Name><Value locale="en">CFS</Value><Value locale="pt_BR">CFS</Value><Value locale="es">CFS</Value></Name></ServiceType><AllowedCustomerFacingServiceRelation/><AllowedResourceFacingServiceRelation/><FulfillmentJobList/><ServiceMilestoneViewId/><UniqueIdentifier/><IsExternal value="false"/><TargetSystem/><ChangePlanParticipant value="false"/><MoveActivityAttribute/><NoCeasingServiceDuringMove value="false"/><Category/><Properties/><MoveRuleCriteria/><AdditionalProperties><AdditionalProperties><ParameterName value="versionNumber"/><ParameterValue value="31.0"/></AdditionalProperties><AdditionalProperties><ParameterName value="versionUUID"/><ParameterValue value="c0dcdccf-5b69-4ebb-8899-3c338c6892a6"/></AdditionalProperties></AdditionalProperties></CustomerFacingServiceSpecAtomicVersion></CustomerFacingServiceSpecAtomicVersions></CustomerFacingServiceSpecAtomic><CustomerFacingServiceSpecAtomic id="8f93cf73-526a-44bb-bc5a-7cc8bb7ea1fc" action="noChange" core_data_overridden="false"><Name><Value locale="en">c_VoiceMail</Value></Name><CustomerFacingServiceSpecAtomicVersions><CustomerFacingServiceSpecAtomicVersion effective="1900-01-01T00:00:00" expiration="NONE" versionId="1" action="noChange"><ID value="580669780"/><Description><Value value="c_VoiceMail" locale="en"/></Description><ServiceInventoryMetadata/><Family value=""><Name><Value locale="en">All</Value></Name></Family><Line value="All"/><Attachment/><ServiceRules/><IsSameCustomer value="false"/><IsSameAddress value="false"/><IsSameProduct value="false"/><SameAttribute/><AlwaysCreateNewInstance value="false"/><ServiceDomain><Name><Value locale="en">All</Value></Name></ServiceDomain><ActionProcessOverride/><ActionContractOverride/><ActionParcelableCapabilityRelation/><ActionFulfillmentTime/><Attribute><ElementId value="VoiceMail_Forward_Indicator"><Name><Value locale="en">VoiceMail_Forward_Indicator</Value></Name></ElementId><ElementId value="1cc6dd75-dce0-44fe-9bba-4f49c05aac91"><Name><Value locale="en">MSISDN</Value></Name></ElementId><ElementId value="fe2c89a5-960d-44ad-9ab3-a6f89b6a92bf"><Name><Value locale="en">Language</Value></Name></ElementId><ElementId value="30bb864c-6923-4b77-a886-94a870dcb17a"><Name><Value locale="en">VoiceMail_ID</Value></Name></ElementId><ElementId value="7d91b6ca-2efb-4565-bac1-aaf5aea91e03"><Name><Value locale="en">Initial_PIN</Value></Name></ElementId><ElementId value="fd00a6ee-d389-478e-8a21-f2ed93865aab"><Name><Value locale="en">VoiceMail_Type</Value></Name></ElementId></Attribute><AttributeGroup/><AttributeRefinement/><Name/><EvaluatePriorityRules value="false"/><SendToSIMS value="true"/><Code value="c_VoiceMail"/><AttributeRefine/><DistributionClientApplication/><ServiceType value="CFS" index="0"><Name><Value locale="en">CFS</Value><Value locale="pt_BR">CFS</Value><Value locale="es">CFS</Value></Name></ServiceType><AllowedCustomerFacingServiceRelation/><AllowedResourceFacingServiceRelation/><FulfillmentJobList/><ServiceMilestoneViewId/><UniqueIdentifier/><IsExternal value="false"/><TargetSystem/><ChangePlanParticipant value="false"/><MoveActivityAttribute/><NoCeasingServiceDuringMove value="false"/><Category/><Properties/><MoveRuleCriteria/><AdditionalProperties><AdditionalProperties><ParameterName value="versionNumber"/><ParameterValue value="2.0"/></AdditionalProperties><AdditionalProperties><ParameterName value="versionUUID"/><ParameterValue value="c61ee374-5797-445b-ba99-8370d2a9fad6"/></AdditionalProperties></AdditionalProperties></CustomerFacingServiceSpecAtomicVersion></CustomerFacingServiceSpecAtomicVersions></CustomerFacingServiceSpecAtomic><CustomerFacingServiceSpecAtomic id="3d9ed8e5-8976-47d2-80da-b51661fff405" action="noChange" core_data_overridden="false"><Name><Value locale="en">c_Data_AddOn</Value></Name><CustomerFacingServiceSpecAtomicVersions><CustomerFacingServiceSpecAtomicVersion effective="1900-01-01T00:00:00" expiration="NONE" versionId="1" action="noChange"><ID value="928316927"/><Description><Value value="c_Data_AddOn" locale="en"/></Description><ServiceInventoryMetadata/><Family value=""><Name><Value locale="en">All</Value></Name></Family><Line value="All"/><Attachment/><ServiceRules/><IsSameCustomer value="false"/><IsSameAddress value="false"/><IsSameProduct value="true"/><SameAttribute/><AlwaysCreateNewInstance value="false"/><ServiceDomain><Name><Value locale="en">All</Value></Name></ServiceDomain><ActionProcessOverride/><ActionContractOverride/><ActionParcelableCapabilityRelation/><ActionFulfillmentTime/><Attribute><ElementId value="d26443c0-db61-4d3b-968a-0f147365cd88"><Name><Value locale="en">Purchase_Sequence</Value></Name></ElementId><ElementId value="202ed6ea-42a7-4efa-bfdc-ee33fffd9a78"><Name><Value locale="en">Primary_Offering_ID</Value></Name></ElementId><ElementId value="5293ac9e-d81d-4786-b875-ca4c210aea44"><Name><Value locale="en">Supplementary_Offering_ID</Value></Name></ElementId></Attribute><AttributeGroup/><AttributeRefinement/><Name/><EvaluatePriorityRules value="false"/><SendToSIMS value="true"/><Code value="c_Data_AddOn"/><AttributeRefine/><DistributionClientApplication/><ServiceType value="CFS" index="0"><Name><Value locale="en">CFS</Value><Value locale="pt_BR">CFS</Value><Value locale="es">CFS</Value></Name></ServiceType><AllowedCustomerFacingServiceRelation/><AllowedResourceFacingServiceRelation/><FulfillmentJobList/><ServiceMilestoneViewId/><UniqueIdentifier/><IsExternal value="false"/><TargetSystem/><ChangePlanParticipant value="false"/><MoveActivityAttribute/><NoCeasingServiceDuringMove value="false"/><Category/><Properties/><MoveRuleCriteria/><AdditionalProperties><AdditionalProperties><ParameterName value="versionNumber"/><ParameterValue value="1.0"/></AdditionalProperties><AdditionalProperties><ParameterName value="versionUUID"/><ParameterValue value="7f6ba5f4-edfd-4ba8-b6cd-cde970da6c30"/></AdditionalProperties></AdditionalProperties></CustomerFacingServiceSpecAtomicVersion></CustomerFacingServiceSpecAtomicVersions></CustomerFacingServiceSpecAtomic><CustomerFacingServiceSpecAtomic id="e73dec65-d573-47a4-b245-d02e674b786d" action="noChange" core_data_overridden="false"><Name><Value locale="en">c_TV</Value></Name><CustomerFacingServiceSpecAtomicVersions><CustomerFacingServiceSpecAtomicVersion effective="1900-01-01T00:00:00" expiration="NONE" versionId="1" action="noChange"><ID value="168376569"/><Description><Value value="c_TV" locale="en"/></Description><ServiceInventoryMetadata/><Family value=""><Name><Value locale="en">All</Value></Name></Family><Line value="All"/><Attachment/><ServiceRules/><IsSameCustomer value="false"/><IsSameAddress value="false"/><IsSameProduct value="true"/><SameAttribute/><AlwaysCreateNewInstance value="false"/><ServiceDomain><Name><Value locale="en">All</Value></Name></ServiceDomain><ActionProcessOverride/><ActionContractOverride/><ActionParcelableCapabilityRelation/><ActionFulfillmentTime/><Attribute><ElementId value="1052a6ff-ec5c-4e02-a094-c125a8a5d1af"><Name><Value locale="en">Technology</Value></Name></ElementId><ElementId value="783dc744-97c9-400f-b8fa-7ee27e1d8ab8"><Name><Value locale="en">Installation_Method</Value></Name></ElementId><ElementId value="9e8ab8b7-dbbe-4f61-9554-425318914267"><Name><Value locale="en">TV_Package_ID</Value></Name></ElementId><ElementId value="e2a617d6-800e-4371-8162-a87dbddea621"><Name><Value locale="en">Subscription_ID</Value></Name></ElementId></Attribute><AttributeGroup/><AttributeRefinement/><Name/><EvaluatePriorityRules value="false"/><SendToSIMS value="true"/><Code value="c_TV"/><AttributeRefine/><DistributionClientApplication/><ServiceType value="CFS" index="0"><Name><Value locale="en">CFS</Value><Value locale="pt_BR">CFS</Value><Value locale="es">CFS</Value></Name></ServiceType><AllowedCustomerFacingServiceRelation/><AllowedResourceFacingServiceRelation/><FulfillmentJobList/><ServiceMilestoneViewId/><UniqueIdentifier/><IsExternal value="false"/><TargetSystem/><ChangePlanParticipant value="false"/><MoveActivityAttribute/><NoCeasingServiceDuringMove value="false"/><Category/><Properties/><MoveRuleCriteria/><AdditionalProperties><AdditionalProperties><ParameterName value="versionNumber"/><ParameterValue value="4.0"/></AdditionalProperties><AdditionalProperties><ParameterName value="versionUUID"/><ParameterValue value="cd7d6e5a-a0f0-4cf3-a6ac-04d6a3692832"/></AdditionalProperties></AdditionalProperties></CustomerFacingServiceSpecAtomicVersion></CustomerFacingServiceSpecAtomicVersions></CustomerFacingServiceSpecAtomic><CustomerFacingServiceSpecAtomic id="2fabd46d-a1b9-4fe1-b490-83e86639bcc7" action="noChange" core_data_overridden="false"><Name><Value locale="en">c_Internet</Value></Name><CustomerFacingServiceSpecAtomicVersions><CustomerFacingServiceSpecAtomicVersion effective="1900-01-01T00:00:00" expiration="NONE" versionId="1" action="noChange"><ID value="610982520"/><Description><Value value="c_Internet" locale="en"/></Description><ServiceInventoryMetadata><ServiceMetadataRule><ID value="1"/><Description><Value value="Modify if Unchanged and exist in inventory" locale="en"/></Description><ParentServiceAction value="Unchanged"><Name><Value locale="en">Unchanged</Value></Name></ParentServiceAction><ChildServiceAction/><IsProvideChildByDefault value="0"><Name><Value locale="en">Ignore</Value></Name></IsProvideChildByDefault><IsMandatory value="0"><Name><Value locale="en">Ignore</Value></Name></IsMandatory><IsInMOP value="0"><Name><Value locale="en">Ignore</Value></Name></IsInMOP><IsInUSM value="1"><Name><Value locale="en">Yes</Value></Name></IsInUSM><StatusInUSM value="590002"><Name><Value locale="en">Active</Value></Name></StatusInUSM><HasAssociatedServices value="0"><Name><Value locale="en">Ignore</Value></Name></HasAssociatedServices><NewServiceAction value="Modify"><Name><Value locale="en">Modify</Value></Name></NewServiceAction><AssociationRole/><ServiceAttributesHasChanged value="0"><Name><Value locale="en">Ignore</Value></Name></ServiceAttributesHasChanged><ListOfSelectedValidActions/><RejectMessageCode/><ServiceRole value="Service"><Name><Value locale="en">Service</Value></Name></ServiceRole><CascadeActionToAllSubServices value="false"/><RuleType value="1"><Name><Value locale="en">Service</Value></Name></RuleType><Name value="Modify if Unchanged and exist in inventory"/><AttributeCheckRule/><AttributeChange/><ComplexCondition value="false"/><ServiceActionComplexCondition/></ServiceMetadataRule><ServiceMetadataRule><ID value="2"/><Description><Value value="Reject if Modify but does not exist in inventory" locale="en"/></Description><ParentServiceAction value="Modify"><Name><Value locale="en">Modify</Value></Name></ParentServiceAction><ChildServiceAction/><IsProvideChildByDefault value="0"><Name><Value locale="en">Ignore</Value></Name></IsProvideChildByDefault><IsMandatory value="0"><Name><Value locale="en">Ignore</Value></Name></IsMandatory><IsInMOP value="0"><Name><Value locale="en">Ignore</Value></Name></IsInMOP><IsInUSM value="-1"><Name><Value locale="en">No</Value></Name></IsInUSM><StatusInUSM/><HasAssociatedServices value="0"><Name><Value locale="en">Ignore</Value></Name></HasAssociatedServices><NewServiceAction value="Reject"><Name><Value locale="en">Reject</Value></Name></NewServiceAction><AssociationRole/><ServiceAttributesHasChanged value="0"><Name><Value locale="en">Ignore</Value></Name></ServiceAttributesHasChanged><ListOfSelectedValidActions/><RejectMessageCode><Value value="SERVICE_DOES_NOT_EXIST" locale="en"/></RejectMessageCode><ServiceRole value="Service"><Name><Value locale="en">Service</Value></Name></ServiceRole><CascadeActionToAllSubServices value="false"/><RuleType value="1"><Name><Value locale="en">Service</Value></Name></RuleType><Name value="Reject if Modify but does not exist in inventory"/><AttributeCheckRule/><AttributeChange/><ComplexCondition value="false"/><ServiceActionComplexCondition/></ServiceMetadataRule></ServiceInventoryMetadata><Family value=""><Name><Value locale="en">All</Value></Name></Family><Line value="All"/><Attachment/><ServiceRules/><IsSameCustomer value="false"/><IsSameAddress value="false"/><IsSameProduct value="true"/><SameAttribute/><AlwaysCreateNewInstance value="false"/><ServiceDomain><Name><Value locale="en">All</Value></Name></ServiceDomain><ActionProcessOverride/><ActionContractOverride/><ActionParcelableCapabilityRelation/><ActionFulfillmentTime/><Attribute><ElementId value="7ee7d54a-8a15-4156-a914-614a77eafefb"><Name><Value locale="en">CPE_CLASSES</Value></Name></ElementId><ElementId value="c792cf993cfd4b1694de1d6f90c43b7b"><Name><Value locale="en">Error_Description</Value></Name></ElementId><ElementId value="cf5500617d444437a0dfdefb6f666861"><Name><Value locale="en">Error_Code</Value></Name></ElementId><ElementId value="211a534b-1c59-4718-9fe4-0a6c3aa90cbd"><Name><Value locale="en">CLASS</Value></Name></ElementId><ElementId value="type"><Name><Value locale="en">type</Value></Name></ElementId><ElementId value="95559485-5b43-46ac-a99c-51bb38979add"><Name><Value locale="en">Download_Speed</Value></Name></ElementId><ElementId value="9853a47c-7868-4b10-9a95-6afb0eaefb27"><Name><Value locale="en">Name</Value></Name></ElementId><ElementId value="1212e498-1a21-4637-b4c0-af737299242e"><Name><Value locale="en">MAX_CPE</Value></Name></ElementId><ElementId value="1f4aa073-3c01-4f62-9dd3-cd8849f1fdbf"><Name><Value locale="en">VOICE_ENABLED</Value></Name></ElementId><ElementId value="d4bb7563-c064-4ae2-8e54-7eaaa1d34905"><Name><Value locale="en">DHCP_CRITERIA</Value></Name></ElementId><ElementId value="a62a70b6-0bdd-4610-a07e-c353877bfc22"><Name><Value locale="en">Upload_Speed</Value></Name></ElementId><ElementId value="59f6215b681b49859d39ae93ba7d4fd0"><Name><Value locale="en">Delay_Reason</Value></Name></ElementId><ElementId value="e2a617d6-800e-4371-8162-a87dbddea621"><Name><Value locale="en">Subscription_ID</Value></Name></ElementId><ElementId value="d95e23d8-8b8a-4093-a4de-22ba2800287e"><Name><Value locale="en">DEVICE_MODEL</Value></Name></ElementId><ElementId value="186d91fe67014b4bb1928192ad26157e"><Name><Value locale="en">Expected_Completion_Date</Value></Name></ElementId><ElementId value="bb72abe2-d315-4e58-8c9f-d238681f635b"><Name><Value locale="en">MAX_DOWNSTREAM</Value></Name></ElementId><ElementId value="c76cda50-c454-46f5-a2df-483f6a0b1056"><Name><Value locale="en">Plan_Type</Value></Name></ElementId><ElementId value="Hostname"><Name><Value locale="en">Hostname</Value></Name></ElementId><ElementId value="5a3aee43-a5e0-4272-b4cd-6f4a1a28cd3d"><Name><Value locale="en">Service_Technology</Value></Name></ElementId><ElementId value="19fae1b4-b9b3-43eb-ba1c-1503fe0dbf66"><Name><Value locale="en">MODEL_EXTENSION</Value></Name></ElementId><ElementId value="550c062c-43d0-4d0e-b440-6ab8424577b5"><Name><Value locale="en">MAX_UPSTREAM</Value></Name></ElementId><ElementId value="name"><Name><Value locale="en">name</Value></Name></ElementId><ElementId value="783dc744-97c9-400f-b8fa-7ee27e1d8ab8"><Name><Value locale="en">Installation_Method</Value></Name></ElementId></Attribute><AttributeGroup/><AttributeRefinement/><Name/><EvaluatePriorityRules value="false"/><SendToSIMS value="true"/><Code value="c_Internet"/><AttributeRefine/><DistributionClientApplication/><ServiceType value="CFS" index="0"><Name><Value locale="en">CFS</Value><Value locale="pt_BR">CFS</Value><Value locale="es">CFS</Value></Name></ServiceType><AllowedCustomerFacingServiceRelation><ReferencedCustomerFacingServiceRelationAtomic template_id="44c44412-f34e-4432-8093-5a5374b1ffe8"><MinimumQuantity value="0"/><MaximumQuantity value="1"/><DefaultQuantity value="0"/><DecompositionRole value="Both" index="0"><Name><Value locale="en">Both</Value></Name></DecompositionRole><Decomposition value="Optional" index="1"><Name><Value locale="en">Optional</Value></Name></Decomposition><Description/><RelationType value="Reference" index="1073741823"><Name><Value locale="en">Reference</Value></Name></RelationType><ID/><DecompositionCondition/><AttributeRefinement/><FulfillmentDataFlow/><DependencyDetails/><ServiceInventoryMetadata/><IsSameCustomer value="true"/><IsSameAddress value="false"/><IsSameProduct value="false"/><SameAttribute/><RelationRole value="Technical Dependency" index="0"><Name><Value locale="en">Technical Dependency</Value></Name></RelationRole><SourcePriority value="1"/><TargetPriority value="1"/><AdditionalProcessIndication/><AssociatedProducts value="true"/><ProvideByDefault/><Mandatory/><IsAssociatedProductOrder value="false"/><IncludeSourceDataFromSIMS value="false"/><CompositionRule><BusinessRule_Rule template_id="EPC_Rule"><BusinessRule_Rule></BusinessRule_Rule><BusinessRule_Pattern/><BusinessRule_RuleStatement></BusinessRule_RuleStatement><BusinessRule_BBAndParameterValues/><BusinessRule_DirtyIndicator/><BusinessRule_SyntaxGenerationLastDate/><BusinessRule_BusinessModeIndicator/><BusinessRule_SyntaxGenerationError/><BusinessRule_RuleReferencedElements/><BusinessRule_RuleClasses/></BusinessRule_Rule></CompositionRule><Service value="60373cb4-4b85-4c11-898c-6f5986232417"><Name><Value locale="en">c_Access</Value></Name></Service></ReferencedCustomerFacingServiceRelationAtomic><ReferencedCustomerFacingServiceRelationAtomic template_id="44c44412-f34e-4432-8093-5a5374b1ffe8"><MinimumQuantity value="0"/><MaximumQuantity value="1"/><DefaultQuantity value="0"/><DecompositionRole value="Both" index="0"><Name><Value locale="en">Both</Value></Name></DecompositionRole><Decomposition value="Optional" index="1"><Name><Value locale="en">Optional</Value></Name></Decomposition><Description/><RelationType value="Reference" index="1073741823"><Name><Value locale="en">Reference</Value></Name></RelationType><ID/><DecompositionCondition/><AttributeRefinement/><FulfillmentDataFlow/><DependencyDetails/><ServiceInventoryMetadata/><IsSameCustomer value="true"/><IsSameAddress value="false"/><IsSameProduct value="false"/><SameAttribute/><RelationRole value="Technical Dependency" index="0"><Name><Value locale="en">Technical Dependency</Value></Name></RelationRole><SourcePriority value="1"/><TargetPriority value="1"/><AdditionalProcessIndication/><AssociatedProducts value="true"/><ProvideByDefault/><Mandatory/><IsAssociatedProductOrder value="false"/><IncludeSourceDataFromSIMS value="false"/><CompositionRule><BusinessRule_Rule template_id="EPC_Rule"><BusinessRule_Rule></BusinessRule_Rule><BusinessRule_Pattern/><BusinessRule_RuleStatement></BusinessRule_RuleStatement><BusinessRule_BBAndParameterValues/><BusinessRule_DirtyIndicator/><BusinessRule_SyntaxGenerationLastDate/><BusinessRule_BusinessModeIndicator/><BusinessRule_SyntaxGenerationError/><BusinessRule_RuleReferencedElements/><BusinessRule_RuleClasses/></BusinessRule_Rule></CompositionRule><Service value="453d40d7-6159-48fd-8540-562b282f056b"><Name><Value locale="en">c_CPE</Value></Name></Service></ReferencedCustomerFacingServiceRelationAtomic></AllowedCustomerFacingServiceRelation><AllowedResourceFacingServiceRelation/><FulfillmentJobList/><ServiceMilestoneViewId/><UniqueIdentifier/><IsExternal value="false"/><TargetSystem/><ChangePlanParticipant value="false"/><MoveActivityAttribute/><NoCeasingServiceDuringMove value="false"/><Category/><Properties/><MoveRuleCriteria/><AdditionalProperties><AdditionalProperties><ParameterName value="versionNumber"/><ParameterValue value="79.0"/></AdditionalProperties><AdditionalProperties><ParameterName value="versionUUID"/><ParameterValue value="bb4efd3b-9f17-484c-bd93-450a0d93dd2a"/></AdditionalProperties></AdditionalProperties></CustomerFacingServiceSpecAtomicVersion></CustomerFacingServiceSpecAtomicVersions></CustomerFacingServiceSpecAtomic><CustomerFacingServiceSpecAtomic id="fffc3ae7-832b-49a8-9eb8-2f3c07ab5c09" action="noChange" core_data_overridden="false"><Name><Value locale="en">c_Data</Value></Name><CustomerFacingServiceSpecAtomicVersions><CustomerFacingServiceSpecAtomicVersion effective="1900-01-01T00:00:00" expiration="NONE" versionId="1" action="noChange"><ID value="691051794"/><Description><Value value="c_Data" locale="en"/></Description><ServiceInventoryMetadata/><Family value=""><Name><Value locale="en">All</Value></Name></Family><Line value="All"/><Attachment/><ServiceRules/><IsSameCustomer value="false"/><IsSameAddress value="false"/><IsSameProduct value="true"/><SameAttribute/><AlwaysCreateNewInstance value="false"/><ServiceDomain><Name><Value locale="en">All</Value></Name></ServiceDomain><ActionProcessOverride/><ActionContractOverride/><ActionParcelableCapabilityRelation/><ActionFulfillmentTime/><Attribute><ElementId value="9269f231-2e59-46b1-8dc2-7483180fd33b"><Name><Value locale="en">QoS</Value></Name></ElementId><ElementId value="eeb8c46d-d567-46bd-a1ac-1be70f95de6d"><Name><Value locale="en">NOTIFICATION_BARRING</Value></Name></ElementId><ElementId value="54a9ed06-69ea-4666-a032-745588dddadc"><Name><Value locale="en">Content_Barring</Value></Name></ElementId><ElementId value="69b61fb7-b1f0-41a0-b829-58446521577f"><Name><Value locale="en">Barring_Notification</Value></Name></ElementId><ElementId value="1b5da74f-4b5d-4e49-bfbb-8607901135b1"><Name><Value locale="en">Premium_Content_Barring</Value></Name></ElementId><ElementId value="9bd4849e-4c83-4229-9c0d-1b42f4f89e4c"><Name><Value locale="en">Internet_Browsing_Barring</Value></Name></ElementId><ElementId value="3e18ae89-9cb6-4fc0-a027-58476cbefb1e"><Name><Value locale="en">DataAllowance_quota</Value></Name></ElementId></Attribute><AttributeGroup/><AttributeRefinement/><Name/><EvaluatePriorityRules value="false"/><SendToSIMS value="true"/><Code value="c_Data"/><AttributeRefine/><DistributionClientApplication/><ServiceType value="CFS" index="0"><Name><Value locale="en">CFS</Value><Value locale="pt_BR">CFS</Value><Value locale="es">CFS</Value></Name></ServiceType><AllowedCustomerFacingServiceRelation/><AllowedResourceFacingServiceRelation/><FulfillmentJobList/><ServiceMilestoneViewId/><UniqueIdentifier/><IsExternal value="false"/><TargetSystem/><ChangePlanParticipant value="false"/><MoveActivityAttribute/><NoCeasingServiceDuringMove value="false"/><Category/><Properties/><MoveRuleCriteria/><AdditionalProperties><AdditionalProperties><ParameterName value="versionNumber"/><ParameterValue value="2.0"/></AdditionalProperties><AdditionalProperties><ParameterName value="versionUUID"/><ParameterValue value="0968f667-d440-45fb-9a63-41bfbf392746"/></AdditionalProperties></AdditionalProperties></CustomerFacingServiceSpecAtomicVersion></CustomerFacingServiceSpecAtomicVersions></CustomerFacingServiceSpecAtomic><CustomerFacingServiceSpecAtomic id="60373cb4-4b85-4c11-898c-6f5986232417" action="noChange" core_data_overridden="false"><Name><Value locale="en">c_Access</Value></Name><CustomerFacingServiceSpecAtomicVersions><CustomerFacingServiceSpecAtomicVersion effective="1900-01-01T00:00:00" expiration="NONE" versionId="1" action="noChange"><ID value="13816655"/><Description><Value value="c_Access" locale="en"/></Description><ServiceInventoryMetadata/><Family value=""><Name><Value locale="en">All</Value></Name></Family><Line value="All"/><Attachment/><ServiceRules/><IsSameCustomer value="true"/><IsSameAddress value="false"/><IsSameProduct value="true"/><SameAttribute/><AlwaysCreateNewInstance value="false"/><ServiceDomain><Name><Value locale="en">All</Value></Name></ServiceDomain><ActionProcessOverride/><ActionContractOverride/><ActionParcelableCapabilityRelation/><ActionFulfillmentTime/><Attribute><ElementId value="042baffc-ed6b-4f63-9a85-25b6d169373e"><Name><Value locale="en">Network_Technology</Value></Name></ElementId><ElementId value="c97a3e87-213a-4f43-8f96-4fe5bed19d2d"><Name><Value locale="en">Installation_Address</Value></Name></ElementId><ElementId value="38eb484c-4453-4a03-9acd-bdfbe6ad870f"><Name><Value locale="en">Solstice_Network_Indicator</Value></Name></ElementId></Attribute><AttributeGroup/><AttributeRefinement/><Name/><EvaluatePriorityRules value="false"/><SendToSIMS value="true"/><Code value="c_Access"/><AttributeRefine/><DistributionClientApplication/><ServiceType value="CFS" index="0"><Name><Value locale="en">CFS</Value><Value locale="pt_BR">CFS</Value><Value locale="es">CFS</Value></Name></ServiceType><AllowedCustomerFacingServiceRelation/><AllowedResourceFacingServiceRelation/><FulfillmentJobList/><ServiceMilestoneViewId/><UniqueIdentifier/><IsExternal value="false"/><TargetSystem/><ChangePlanParticipant value="false"/><MoveActivityAttribute/><NoCeasingServiceDuringMove value="false"/><Category/><Properties/><MoveRuleCriteria/><AdditionalProperties><AdditionalProperties><ParameterName value="versionNumber"/><ParameterValue value="6.0"/></AdditionalProperties><AdditionalProperties><ParameterName value="versionUUID"/><ParameterValue value="bf9c9190-6537-4bfc-93c6-c604264e4049"/></AdditionalProperties></AdditionalProperties></CustomerFacingServiceSpecAtomicVersion></CustomerFacingServiceSpecAtomicVersions></CustomerFacingServiceSpecAtomic><CustomerFacingServiceSpecAtomic id="2ccee245-5297-4584-ae5f-1a415d685af8" action="noChange" core_data_overridden="false"><Name><Value locale="en">c_Messaging</Value></Name><CustomerFacingServiceSpecAtomicVersions><CustomerFacingServiceSpecAtomicVersion effective="1900-01-01T00:00:00" expiration="NONE" versionId="1" action="noChange"><ID value="277115604"/><Description><Value value="c_Messaging" locale="en"/></Description><ServiceInventoryMetadata/><Family value=""><Name><Value locale="en">All</Value></Name></Family><Line value="All"/><Attachment/><ServiceRules/><IsSameCustomer value="false"/><IsSameAddress value="false"/><IsSameProduct value="true"/><SameAttribute/><AlwaysCreateNewInstance value="false"/><ServiceDomain><Name><Value locale="en">All</Value></Name></ServiceDomain><ActionProcessOverride/><ActionContractOverride/><ActionParcelableCapabilityRelation/><ActionFulfillmentTime/><Attribute><ElementId value="d65984fc-719b-4981-92ea-07e236706da1"><Name><Value locale="en">SMS_Outgoing_Barring</Value></Name></ElementId><ElementId value="866d2c96-f84a-47a5-898e-c9b6d61e269c"><Name><Value locale="en">Premium_SMS_Barring</Value></Name></ElementId><ElementId value="32dcd650-580a-45cf-b876-337679cd72e6"><Name><Value locale="en">Messaging_Barring</Value></Name></ElementId></Attribute><AttributeGroup/><AttributeRefinement/><Name/><EvaluatePriorityRules value="false"/><SendToSIMS value="true"/><Code value="c_Messaging"/><AttributeRefine/><DistributionClientApplication/><ServiceType value="CFS" index="0"><Name><Value locale="en">CFS</Value><Value locale="pt_BR">CFS</Value><Value locale="es">CFS</Value></Name></ServiceType><AllowedCustomerFacingServiceRelation/><AllowedResourceFacingServiceRelation/><FulfillmentJobList/><ServiceMilestoneViewId/><UniqueIdentifier/><IsExternal value="false"/><TargetSystem/><ChangePlanParticipant value="false"/><MoveActivityAttribute/><NoCeasingServiceDuringMove value="false"/><Category/><Properties/><MoveRuleCriteria/><AdditionalProperties><AdditionalProperties><ParameterName value="versionNumber"/><ParameterValue value="1.0"/></AdditionalProperties><AdditionalProperties><ParameterName value="versionUUID"/><ParameterValue value="9925019f-91f8-4477-9406-004625a3d192"/></AdditionalProperties></AdditionalProperties></CustomerFacingServiceSpecAtomicVersion></CustomerFacingServiceSpecAtomicVersions></CustomerFacingServiceSpecAtomic><CustomerFacingServiceSpecAtomic id="51420352-eb33-4365-a1c8-27abf8bcfcd3" action="noChange" core_data_overridden="false"><Name><Value locale="en">c_Roaming</Value></Name><CustomerFacingServiceSpecAtomicVersions><CustomerFacingServiceSpecAtomicVersion effective="1900-01-01T00:00:00" expiration="NONE" versionId="1" action="noChange"><ID value="379099"/><Description><Value value="c_Roaming" locale="en"/></Description><ServiceInventoryMetadata/><Family value=""><Name><Value locale="en">All</Value></Name></Family><Line value="All"/><Attachment/><ServiceRules/><IsSameCustomer value="false"/><IsSameAddress value="false"/><IsSameProduct value="true"/><SameAttribute/><AlwaysCreateNewInstance value="false"/><ServiceDomain><Name><Value locale="en">All</Value></Name></ServiceDomain><ActionProcessOverride/><ActionContractOverride/><ActionParcelableCapabilityRelation/><ActionFulfillmentTime/><Attribute><ElementId value="bc68bc95-4f1f-4ecf-843f-bbeb8dde14f7"><Name><Value locale="en">BARRING_ROAM_CALLS</Value></Name></ElementId><ElementId value="4511cbe6-fae5-4345-af15-8455aaabffcb"><Name><Value locale="en">Roaming_Limited</Value></Name></ElementId><ElementId value="6b6e7c87-ec70-4636-9c0c-1ababf6cf185"><Name><Value locale="en">Voice_and_SMS_Roaming_Barring</Value></Name></ElementId><ElementId value="1dc734d8-f5d4-432c-90cd-37e53229270d"><Name><Value locale="en">Data_Roaming_Barring</Value></Name></ElementId><ElementId value="ba854d58-0880-4b98-a571-6451c6178f89"><Name><Value locale="en">ROAMING_LIMITED</Value></Name></ElementId></Attribute><AttributeGroup/><AttributeRefinement/><Name/><EvaluatePriorityRules value="false"/><SendToSIMS value="true"/><Code value="c_Roaming"/><AttributeRefine/><DistributionClientApplication/><ServiceType value="CFS" index="0"><Name><Value locale="en">CFS</Value><Value locale="pt_BR">CFS</Value><Value locale="es">CFS</Value></Name></ServiceType><AllowedCustomerFacingServiceRelation/><AllowedResourceFacingServiceRelation/><FulfillmentJobList/><ServiceMilestoneViewId/><UniqueIdentifier/><IsExternal value="false"/><TargetSystem/><ChangePlanParticipant value="false"/><MoveActivityAttribute/><NoCeasingServiceDuringMove value="false"/><Category/><Properties/><MoveRuleCriteria/><AdditionalProperties><AdditionalProperties><ParameterName value="versionNumber"/><ParameterValue value="3.0"/></AdditionalProperties><AdditionalProperties><ParameterName value="versionUUID"/><ParameterValue value="247b7098-8f19-4530-909a-8b95ce1361bf"/></AdditionalProperties></AdditionalProperties></CustomerFacingServiceSpecAtomicVersion></CustomerFacingServiceSpecAtomicVersions></CustomerFacingServiceSpecAtomic><CustomerFacingServiceSpecAtomic id="dfe3c47d-592a-4f0d-aa6e-bef92c6c294e" action="noChange" core_data_overridden="false"><Name><Value locale="en">c_NetworkElement</Value></Name><CustomerFacingServiceSpecAtomicVersions><CustomerFacingServiceSpecAtomicVersion effective="1900-01-01T00:00:00" expiration="NONE" versionId="1" action="noChange"><ID value="372536131"/><Description><Value value="c_NetworkElement" locale="en"/></Description><ServiceInventoryMetadata/><Family value=""><Name><Value locale="en">All</Value></Name></Family><Line value="All"/><Attachment/><ServiceRules/><IsSameCustomer value="false"/><IsSameAddress value="false"/><IsSameProduct value="false"/><SameAttribute/><AlwaysCreateNewInstance value="false"/><ServiceDomain><Name><Value locale="en">All</Value></Name></ServiceDomain><ActionProcessOverride/><ActionContractOverride/><ActionParcelableCapabilityRelation/><ActionFulfillmentTime/><Attribute><ElementId value="3d816bfe-f94d-4b91-85d3-3ca7eac744e7"><Name><Value locale="en">ProvGroup</Value></Name></ElementId><ElementId value="d5328c6d-5860-405f-babf-3c8e50f49a0f"><Name><Value locale="en">Type</Value></Name></ElementId><ElementId value="00ef208c-0031-49f2-b4d9-31201e7f4ffe"><Name><Value locale="en">CUSTOMER_ID</Value></Name></ElementId><ElementId value="308ab9ad-152b-4ecb-926b-ce958d33edb5"><Name><Value locale="en">NeedsToBeRemoved</Value></Name></ElementId><ElementId value="f8b4b46e-8064-44a4-a441-fbcc1d7b7512"><Name><Value locale="en">HostName</Value></Name></ElementId><ElementId value="9853a47c-7868-4b10-9a95-6afb0eaefb27"><Name><Value locale="en">Name</Value></Name></ElementId></Attribute><AttributeGroup/><AttributeRefinement/><Name/><EvaluatePriorityRules value="false"/><SendToSIMS value="false"/><Code value="c_NetworkElement"/><AttributeRefine/><DistributionClientApplication/><ServiceType value="CFS" index="0"><Name><Value locale="en">CFS</Value><Value locale="pt_BR">CFS</Value><Value locale="es">CFS</Value></Name></ServiceType><AllowedCustomerFacingServiceRelation><ReferencedCustomerFacingServiceRelationAtomic template_id="44c44412-f34e-4432-8093-5a5374b1ffe8"><MinimumQuantity value="0"/><MaximumQuantity value="1"/><DefaultQuantity value="0"/><DecompositionRole value="Both" index="0"><Name><Value locale="en">Both</Value></Name></DecompositionRole><Decomposition value="Optional" index="1"><Name><Value locale="en">Optional</Value></Name></Decomposition><Description/><RelationType value="Reference" index="1073741823"><Name><Value locale="en">Reference</Value></Name></RelationType><ID/><DecompositionCondition/><AttributeRefinement/><FulfillmentDataFlow/><DependencyDetails/><ServiceInventoryMetadata/><IsSameCustomer value="false"/><IsSameAddress value="false"/><IsSameProduct value="false"/><SameAttribute/><RelationRole value="Technical Dependency" index="0"><Name><Value locale="en">Technical Dependency</Value></Name></RelationRole><SourcePriority value="1"/><TargetPriority value="1"/><AdditionalProcessIndication/><AssociatedProducts value="false"/><ProvideByDefault/><Mandatory/><IsAssociatedProductOrder value="false"/><IncludeSourceDataFromSIMS value="false"/><CompositionRule><BusinessRule_Rule template_id="EPC_Rule"><BusinessRule_Rule></BusinessRule_Rule><BusinessRule_Pattern/><BusinessRule_RuleStatement></BusinessRule_RuleStatement><BusinessRule_BBAndParameterValues/><BusinessRule_DirtyIndicator/><BusinessRule_SyntaxGenerationLastDate/><BusinessRule_BusinessModeIndicator/><BusinessRule_SyntaxGenerationError/><BusinessRule_RuleReferencedElements/><BusinessRule_RuleClasses/></BusinessRule_Rule></CompositionRule><Service value="2fabd46d-a1b9-4fe1-b490-83e86639bcc7"><Name><Value locale="en">c_Internet</Value></Name></Service></ReferencedCustomerFacingServiceRelationAtomic><ReferencedCustomerFacingServiceRelationAtomic template_id="44c44412-f34e-4432-8093-5a5374b1ffe8"><MinimumQuantity value="0"/><MaximumQuantity value="1"/><DefaultQuantity value="0"/><DecompositionRole value="Both" index="0"><Name><Value locale="en">Both</Value></Name></DecompositionRole><Decomposition value="Optional" index="1"><Name><Value locale="en">Optional</Value></Name></Decomposition><Description/><RelationType value="Reference" index="1073741823"><Name><Value locale="en">Reference</Value></Name></RelationType><ID/><DecompositionCondition/><AttributeRefinement/><FulfillmentDataFlow/><DependencyDetails/><ServiceInventoryMetadata/><IsSameCustomer value="false"/><IsSameAddress value="false"/><IsSameProduct value="false"/><SameAttribute/><RelationRole value="Technical Dependency" index="0"><Name><Value locale="en">Technical Dependency</Value></Name></RelationRole><SourcePriority value="1"/><TargetPriority value="1"/><AdditionalProcessIndication/><AssociatedProducts value="false"/><ProvideByDefault/><Mandatory/><IsAssociatedProductOrder value="false"/><IncludeSourceDataFromSIMS value="false"/><CompositionRule><BusinessRule_Rule template_id="EPC_Rule"><BusinessRule_Rule></BusinessRule_Rule><BusinessRule_Pattern/><BusinessRule_RuleStatement></BusinessRule_RuleStatement><BusinessRule_BBAndParameterValues/><BusinessRule_DirtyIndicator/><BusinessRule_SyntaxGenerationLastDate/><BusinessRule_BusinessModeIndicator/><BusinessRule_SyntaxGenerationError/><BusinessRule_RuleReferencedElements/><BusinessRule_RuleClasses/></BusinessRule_Rule></CompositionRule><Service value="453d40d7-6159-48fd-8540-562b282f056b"><Name><Value locale="en">c_CPE</Value></Name></Service></ReferencedCustomerFacingServiceRelationAtomic></AllowedCustomerFacingServiceRelation><AllowedResourceFacingServiceRelation/><FulfillmentJobList/><ServiceMilestoneViewId/><UniqueIdentifier/><IsExternal value="false"/><TargetSystem/><ChangePlanParticipant value="false"/><MoveActivityAttribute/><NoCeasingServiceDuringMove value="false"/><Category/><Properties/><MoveRuleCriteria/><AdditionalProperties><AdditionalProperties><ParameterName value="versionNumber"/><ParameterValue value="100.0"/></AdditionalProperties><AdditionalProperties><ParameterName value="versionUUID"/><ParameterValue value="24f8404a-a713-42f4-98ab-adbaf53bac90"/></AdditionalProperties></AdditionalProperties></CustomerFacingServiceSpecAtomicVersion></CustomerFacingServiceSpecAtomicVersions></CustomerFacingServiceSpecAtomic><CustomerFacingServiceSpecAtomic id="5960e822-40c2-4fa2-964a-963b75c057f5" action="noChange" core_data_overridden="false"><Name><Value locale="en">c_Voice</Value></Name><CustomerFacingServiceSpecAtomicVersions><CustomerFacingServiceSpecAtomicVersion effective="1900-01-01T00:00:00" expiration="NONE" versionId="1" action="noChange"><ID value="790964017"/><Description><Value value="c_Voice" locale="en"/></Description><ServiceInventoryMetadata/><Family value=""><Name><Value locale="en">All</Value></Name></Family><Line value="All"/><Attachment/><ServiceRules/><IsSameCustomer value="false"/><IsSameAddress value="false"/><IsSameProduct value="true"/><SameAttribute/><AlwaysCreateNewInstance value="false"/><ServiceDomain><Name><Value locale="en">All</Value></Name></ServiceDomain><ActionProcessOverride/><ActionContractOverride/><ActionParcelableCapabilityRelation/><ActionFulfillmentTime/><Attribute><ElementId value="02fd1f8c-dadb-425d-b5ad-1a67dcabfc10"><Name><Value locale="en">Three_Way_Calling</Value></Name></ElementId><ElementId value="Calls_To_Mobile_Barring"><Name><Value locale="en">Calls_To_Mobile_Barring</Value></Name></ElementId><ElementId value="77f59d50-7be8-429a-852b-9ec1b2da8b6e"><Name><Value locale="en">Lost_Call_Notification_Barring</Value></Name></ElementId><ElementId value="5c35d1aa-301e-49f1-b74b-7c5a7d38e029"><Name><Value locale="en">MOBILE_CLIR</Value></Name></ElementId><ElementId value="459f1cb0-6dee-410e-872d-2eb10577502e"><Name><Value locale="en">Premium_Calls_Barring</Value></Name></ElementId><ElementId value="ffbe0e74-31db-48ad-b27f-85858c82a69d"><Name><Value locale="en">CALL_FORWARD_DEFAULT</Value></Name></ElementId><ElementId value="b1d5c22e-ebbb-44b8-ab12-5ecfbb12727d"><Name><Value locale="en">Hide_Caller_Number</Value></Name></ElementId><ElementId value="54654a63-78e4-4812-8714-7665caef7314"><Name><Value locale="en">Call_Waiting_Barring</Value></Name></ElementId><ElementId value="795f5f15-411b-4ee0-a472-8db5ee3fde22"><Name><Value locale="en">Incoming_Calls_Barring</Value></Name></ElementId><ElementId value="Call_Forward_When_Busy"><Name><Value locale="en">Call_Forward_When_Busy</Value></Name></ElementId><ElementId value="d0a6c102-98d8-46f3-8223-07ec5a6e9a48"><Name><Value locale="en">BARRING_PREM_CALLS</Value></Name></ElementId><ElementId value="790e32da-fb33-43f9-b29e-0c645d4ae0ea"><Name><Value locale="en">CALL_FORWARD_STATUS</Value></Name></ElementId><ElementId value="de8c5e18-b477-4c9d-a5c7-a88ca98fa959"><Name><Value locale="en">Outgoing_Calls_Barring</Value></Name></ElementId><ElementId value="b9145c42-9771-4237-bdab-04c238f98f9c"><Name><Value locale="en">CALL_WAITING</Value></Name></ElementId><ElementId value="e1b4ab80-adb4-4b68-bbef-c510b63ae9d2"><Name><Value locale="en">International_Calls_Barring</Value></Name></ElementId></Attribute><AttributeGroup/><AttributeRefinement/><Name/><EvaluatePriorityRules value="false"/><SendToSIMS value="true"/><Code value="c_Voice"/><AttributeRefine/><DistributionClientApplication/><ServiceType value="CFS" index="0"><Name><Value locale="en">CFS</Value><Value locale="pt_BR">CFS</Value><Value locale="es">CFS</Value></Name></ServiceType><AllowedCustomerFacingServiceRelation/><AllowedResourceFacingServiceRelation/><FulfillmentJobList/><ServiceMilestoneViewId/><UniqueIdentifier/><IsExternal value="false"/><TargetSystem/><ChangePlanParticipant value="false"/><MoveActivityAttribute/><NoCeasingServiceDuringMove value="false"/><Category/><Properties/><MoveRuleCriteria/><AdditionalProperties><AdditionalProperties><ParameterName value="versionNumber"/><ParameterValue value="2.0"/></AdditionalProperties><AdditionalProperties><ParameterName value="versionUUID"/><ParameterValue value="50a9639f-e613-46b4-8649-558f582241c3"/></AdditionalProperties></AdditionalProperties></CustomerFacingServiceSpecAtomicVersion></CustomerFacingServiceSpecAtomicVersions></CustomerFacingServiceSpecAtomic></CustomerFacingServiceSpecAtomicList>